Found Java version 25.0.4-ea
Available memory: 7907 MB
Using JVM args: -Xmx1976m
650 [main] INFO  org.zaproxy.zap.DaemonBootstrap - ZAP 2.17.0 started 07/08/2026, 03:55:56 with home: /home/kali/.ZAP/ cores: 4 maxMemory: 1 GB
680 [main] INFO  org.parosproxy.paros.common.AbstractParam - Setting config api.disablekey = true was true
1440 [ZAP-daemon] INFO  org.zaproxy.zap.control.ExtensionFactory - Installed add-ons: [[id=alertFilters, version=26.0.0], [id=ascanrules, version=83.0.0], [id=authhelper, version=0.40.0], [id=automation, version=0.60.0], [id=bruteforce, version=21.0.0], [id=callhome, version=0.23.0], [id=client, version=0.30.0], [id=commonlib, version=1.43.0], [id=database, version=0.9.0], [id=diff, version=18.0.0], [id=directorylistv1, version=9.0.0], [id=domxss, version=24.0.0], [id=encoder, version=1.9.0], [id=exim, version=0.21.0], [id=formhandler, version=6.8.0], [id=fuzz, version=13.16.0], [id=gettingStarted, version=20.0.0], [id=graaljs, version=0.14.0], [id=graphql, version=0.33.0], [id=help, version=22.0.0], [id=hud, version=0.19.0], [id=insights, version=0.5.0], [id=invoke, version=17.0.0], [id=network, version=0.28.0], [id=oast, version=0.24.0], [id=onlineMenu, version=15.0.0], [id=openapi, version=57.0.0], [id=postman, version=0.9.0], [id=pscan, version=0.6.0], [id=pscanrules, version=75.0.0], [id=quickstart, version=59.0.0], [id=replacer, version=22.0.0], [id=reports, version=0.46.0], [id=requester, version=7.10.0], [id=retest, version=0.11.0], [id=retire, version=0.63.0], [id=reveal, version=10.0.0], [id=scanpolicies, version=0.8.0], [id=scripts, version=45.20.0], [id=selenium, version=15.53.0], [id=sequence, version=10.0.0], [id=soap, version=31.0.0], [id=spider, version=0.20.0], [id=spiderAjax, version=23.32.0], [id=tips, version=16.0.0], [id=webdriverlinux, version=214.0.0], [id=websocket, version=37.0.0], [id=zest, version=48.14.0]]
1440 [ZAP-daemon] INFO  org.zaproxy.zap.control.ExtensionFactory - Loading extensions
1902 [ZAP-daemon] INFO  org.zaproxy.addon.network.internal.TlsUtils - Using supported SSL/TLS protocols: [TLSv1.2, TLSv1.3]
2228 [ZAP-daemon] INFO  org.zaproxy.zap.control.ExtensionFactory - Extensions loaded
2502 [ZAP-daemon] INFO  org.flywaydb.core.FlywayExecutor - Database: jdbc:hsqldb:file:/home/kali/.ZAP/session/untitled1 (HSQL Database Engine 2.7)
2555 [ZAP-daemon] INFO  org.flywaydb.core.internal.schemahistory.JdbcTableSchemaHistory - Schema history table "PUBLIC"."SCRIPTS_FLYWAY_SCHEMA_HISTORY" does not exist yet
2558 [ZAP-daemon] INFO  org.flywaydb.core.internal.command.DbValidate - Successfully validated 1 migration (execution time 00:00.013s)
2568 [ZAP-daemon] INFO  org.flywaydb.core.internal.schemahistory.JdbcTableSchemaHistory - Creating Schema History table "PUBLIC"."SCRIPTS_FLYWAY_SCHEMA_HISTORY" with baseline ...
2614 [ZAP-daemon] INFO  org.flywaydb.core.internal.command.DbBaseline - Successfully baselined schema with version: 0
2629 [ZAP-daemon] INFO  org.flywaydb.core.internal.command.DbMigrate - Current version of schema "PUBLIC": 0
2649 [ZAP-daemon] INFO  org.flywaydb.core.internal.command.DbMigrate - Migrating schema "PUBLIC" to version "1 - Create scripts run tables"
2666 [ZAP-daemon] INFO  org.flywaydb.core.internal.command.DbMigrate - Successfully applied 1 migration to schema "PUBLIC", now at version v1 (execution time 00:00.005s)
3053 [ZAP-daemon] INFO  org.flywaydb.core.FlywayExecutor - Database: jdbc:hsqldb:file:/home/kali/.ZAP/session/untitled1 (HSQL Database Engine 2.7)
3062 [ZAP-daemon] INFO  org.flywaydb.core.internal.schemahistory.JdbcTableSchemaHistory - Schema history table "PUBLIC"."CLIENT_FLYWAY_SCHEMA_HISTORY" does not exist yet
3063 [ZAP-daemon] INFO  org.flywaydb.core.internal.command.DbValidate - Successfully validated 1 migration (execution time 00:00.002s)
3068 [ZAP-daemon] INFO  org.flywaydb.core.internal.schemahistory.JdbcTableSchemaHistory - Creating Schema History table "PUBLIC"."CLIENT_FLYWAY_SCHEMA_HISTORY" with baseline ...
3076 [ZAP-daemon] INFO  org.flywaydb.core.internal.command.DbBaseline - Successfully baselined schema with version: 0
3082 [ZAP-daemon] INFO  org.flywaydb.core.internal.command.DbMigrate - Current version of schema "PUBLIC": 0
3087 [ZAP-daemon] INFO  org.flywaydb.core.internal.command.DbMigrate - Migrating schema "PUBLIC" to version "1 - Create history table"
3095 [ZAP-daemon] INFO  org.flywaydb.core.internal.command.DbMigrate - Successfully applied 1 migration to schema "PUBLIC", now at version v1 (execution time 00:00.001s)
3796 [ZAP-daemon] INFO  org.parosproxy.paros.extension.ExtensionLoader - Initializing Auto-update Extension - Allows ZAP to check for updates
3797 [ZAP-daemon] INFO  org.parosproxy.paros.extension.ExtensionLoader - Initializing Options Extension - Options Extension
3798 [ZAP-daemon] INFO  org.parosproxy.paros.extension.ExtensionLoader - Initializing Edit Menu Extension - Edit Menu Extension
3798 [ZAP-daemon] INFO  org.parosproxy.paros.extension.ExtensionLoader - Initializing API Extension - Provides a rest based API for controlling and accessing ZAP
3803 [ZAP-daemon] INFO  org.parosproxy.paros.extension.ExtensionLoader - Initializing History Extension - History Extension
3803 [ZAP-daemon] INFO  org.parosproxy.paros.extension.ExtensionLoader - Initializing ExtensionReveal - Show hidden fields and enable disabled fields
3804 [ZAP-daemon] INFO  org.parosproxy.paros.extension.ExtensionLoader - Initializing Search Extension - Search messages for strings and regular expressions
3805 [ZAP-daemon] INFO  org.parosproxy.paros.extension.ExtensionLoader - Initializing Breakpoint Extension - Allows you to intercept and modify requests and responses
3806 [ZAP-daemon] INFO  org.parosproxy.paros.extension.ExtensionLoader - Initializing Passive Scan Extension - Passive scanner
3806 [ZAP-daemon] INFO  org.parosproxy.paros.extension.ExtensionLoader - Initializing Alerts Extension - Allows you to view and manage alerts
3808 [ZAP-daemon] INFO  org.parosproxy.paros.extension.ExtensionLoader - Initializing Active Scan Extension - Active scanner, heavily based on the original Paros active scanner, but with additional tests added
3814 [ZAP-daemon] INFO  org.parosproxy.paros.extension.ExtensionLoader - Initializing ExtensionSequence - ExtensionSequence
3814 [ZAP-daemon] INFO  org.parosproxy.paros.extension.ExtensionLoader - Initializing Standard Menus Extension - A set of common popup menus for miscellaneous tasks
3815 [ZAP-daemon] INFO  org.parosproxy.paros.extension.ExtensionLoader - Initializing ExtensionBruteForce - Forced browsing of files and directories using code from the OWASP DirBuster tool
3816 [ZAP-daemon] INFO  org.parosproxy.paros.extension.ExtensionLoader - Initializing Compare Extension - Compares 2 sessions and generates an HTML file showing the differences
3816 [ZAP-daemon] INFO  org.parosproxy.paros.extension.ExtensionLoader - Initializing ExtensionInvoke - Invoke external applications passing context related information such as URLs and parameters
3816 [ZAP-daemon] INFO  org.parosproxy.paros.extension.ExtensionLoader - Initializing Anti-CSRF Extension - Handles anti cross site request forgery (CSRF) tokens
3819 [ZAP-daemon] INFO  org.parosproxy.paros.extension.ExtensionLoader - Initializing Authentication Extension - Authentication Extension
3825 [ZAP-daemon] INFO  org.zaproxy.zap.extension.authentication.ExtensionAuthentication - Loaded authentication method types: [Form-based Authentication, HTTP/NTLM Authentication, Manual Authentication, Script-based Authentication, JSON-based Authentication]
3828 [ZAP-daemon] INFO  org.parosproxy.paros.extension.ExtensionLoader - Initializing Users Extension - Users Extension
3829 [ZAP-daemon] INFO  org.parosproxy.paros.extension.ExtensionLoader - Initializing Parameters Extension - Summarise and analyse FORM and URL parameters as well as cookies
3830 [ZAP-daemon] INFO  org.parosproxy.paros.extension.ExtensionLoader - Initializing Script Extension - Script integration
3835 [ZAP-daemon] INFO  org.parosproxy.paros.extension.ExtensionLoader - Initializing ExtensionScripts - Scripting console, supports all JSR 223 scripting languages
3840 [ZAP-daemon] INFO  org.parosproxy.paros.extension.ExtensionLoader - Initializing Forced User Extension - Forced User Extension
3840 [ZAP-daemon] INFO  org.parosproxy.paros.extension.ExtensionLoader - Initializing HTTP Sessions Extension - Extension handling HTTP sessions
3842 [ZAP-daemon] INFO  org.parosproxy.paros.extension.ExtensionLoader - Initializing ExtensionZest - Zest is a specialized scripting language, originally, from Mozilla specifically designed to be used in security tools
3900 [ZAP-daemon] INFO  org.parosproxy.paros.extension.ExtensionLoader - Initializing ExtensionDiff - ExtensionDiff
3900 [ZAP-daemon] INFO  org.parosproxy.paros.extension.ExtensionLoader - Initializing HTTP Panel Post Table View Extension - HTTP Panel Post Table View Extension
3900 [ZAP-daemon] INFO  org.parosproxy.paros.extension.ExtensionLoader - Initializing Encoder Addon - Adds support for scriptable encoders to ZAP.
3901 [ZAP-daemon] INFO  org.parosproxy.paros.extension.ExtensionLoader - Initializing Session Management Extension - Session Management Extension
3902 [ZAP-daemon] INFO  org.zaproxy.zap.extension.sessions.ExtensionSessionManagement - Loaded session management method types: [Cookie-based Session Management, HTTP Authentication Session Management, Script-based Session Management]
3903 [ZAP-daemon] INFO  org.parosproxy.paros.extension.ExtensionLoader - Initializing HTTP Panel Form Table View Extension - HTTP Panel Form Table View Extension
3903 [ZAP-daemon] INFO  org.parosproxy.paros.extension.ExtensionLoader - Initializing WebSockets Support - Capture messages from WebSockets with the ability to set breakpoints.
3912 [ZAP-daemon] INFO  org.parosproxy.paros.extension.ExtensionLoader - Initializing SOAP/WSDL Support - Allows you to import a WSDL file containing operations which ZAP will access, adding them to the Sites tree.
3913 [ZAP-daemon] INFO  org.parosproxy.paros.extension.ExtensionLoader - Initializing Core UI Extension - Core UI related functionality.
3913 [ZAP-daemon] INFO  org.parosproxy.paros.extension.ExtensionLoader - Initializing Authorization Extension - Authorization Extension
3914 [ZAP-daemon] INFO  org.parosproxy.paros.extension.ExtensionLoader - Initializing Requester - Allows to manually edit and send messages.
3915 [ZAP-daemon] INFO  org.parosproxy.paros.extension.ExtensionLoader - Initializing AJAX Spider - AJAX Spider, uses Crawljax
3917 [ZAP-daemon] INFO  org.parosproxy.paros.extension.ExtensionLoader - Initializing WebDriver Provider - Provides WebDrivers to control several browsers using Selenium and includes HtmlUnit browser.
3926 [ZAP-daemon] INFO  org.parosproxy.paros.extension.ExtensionLoader - Initializing ExtensionClientIntegration - Client Side Integration
3930 [ZAP-daemon] INFO  org.parosproxy.paros.extension.ExtensionLoader - Initializing Refresh Sites Tree Extension - Adds menu item to refresh the Sites tree
3930 [ZAP-daemon] INFO  org.parosproxy.paros.extension.ExtensionLoader - Initializing Help Extension - ZAP User Guide
3931 [ZAP-daemon] INFO  org.parosproxy.paros.extension.ExtensionLoader - Initializing Call Home - Handles all of the calls to ZAP services
3931 [ZAP-daemon] INFO  org.parosproxy.paros.extension.ExtensionLoader - Initializing Network Extension - Provides core networking capabilities.
4303 [ZAP-daemon] INFO  org.zaproxy.addon.network.ConnectionOptions - Unsafe SSL/TLS renegotiation disabled.
4305 [ZAP-daemon] INFO  org.parosproxy.paros.extension.ExtensionLoader - Initializing Extension Configuration Extension - Allows you to configure which extensions are loaded when ZAP starts
4306 [ZAP-daemon] INFO  org.parosproxy.paros.extension.ExtensionLoader - Initializing Combined HTTP Panels Extension - Combined HTTP Panels Extension
4306 [ZAP-daemon] INFO  org.parosproxy.paros.extension.ExtensionLoader - Initializing HTTP Panel Hex View Extension - HTTP Panel Hex View Extension
4306 [ZAP-daemon] INFO  org.parosproxy.paros.extension.ExtensionLoader - Initializing HTTP Panel Image View Extension - HTTP Panel Image View Extension
4306 [ZAP-daemon] INFO  org.parosproxy.paros.extension.ExtensionLoader - Initializing HTTP Panel Query Table View Extension - HTTP Panel Query Table View Extension
4306 [ZAP-daemon] INFO  org.parosproxy.paros.extension.ExtensionLoader - Initializing HTTP Panel Syntax Highlighter View Extension - HTTP Panel Syntax Highlighter View Extension
4307 [ZAP-daemon] INFO  org.parosproxy.paros.extension.ExtensionLoader - Initializing Keyboard Configuration Extension - Adds support for configurable keyboard shortcuts for all of the ZAP menus.
4307 [ZAP-daemon] INFO  org.parosproxy.paros.extension.ExtensionLoader - Initializing Scanner Rule Configuration Extension - Active and passive rule configuration
4308 [ZAP-daemon] INFO  org.parosproxy.paros.extension.ExtensionLoader - Initializing Statistics Extension - Statistics
4309 [ZAP-daemon] INFO  org.zaproxy.zap.extension.stats.ExtensionStats - Start recording in memory stats
4309 [ZAP-daemon] INFO  org.parosproxy.paros.extension.ExtensionLoader - Initializing Custom Pages Extension - Custom Pages Definition
4310 [ZAP-daemon] INFO  org.parosproxy.paros.extension.ExtensionLoader - Initializing Retest - Facilitates the verification of presence/absence of certain alerts.
4310 [ZAP-daemon] INFO  org.parosproxy.paros.extension.ExtensionLoader - Initializing Database Extension - Provides databases and persistence capabilities.
4310 [ZAP-daemon] INFO  org.parosproxy.paros.extension.ExtensionLoader - Initializing ExtensionFormHandler - This extension allows a user to change the default values used for generated content (e.g. spiders, importers).
4311 [ZAP-daemon] INFO  org.parosproxy.paros.extension.ExtensionLoader - Initializing Out-of-band Application Security Testing - Adds Out-of-band Application Security Testing functionality.
4315 [ZAP-daemon] INFO  org.parosproxy.paros.extension.ExtensionLoader - Initializing OAST Scripts - Adds OAST scripts.
4315 [ZAP-daemon] INFO  org.parosproxy.paros.extension.ExtensionLoader - Initializing ExtensionTipsAndTricks - Tips and Tricks
4315 [ZAP-daemon] INFO  org.parosproxy.paros.extension.ExtensionLoader - Initializing ExtensionHUD - Heads Up Display
WARNING: A terminally deprecated method in sun.misc.Unsafe has been called
WARNING: sun.misc.Unsafe::allocateMemory has been called by io.netty.util.internal.PlatformDependent0$2 (file:/home/kali/.ZAP/plugin/network-beta-0.28.0.zap)
WARNING: Please consider reporting this to the maintainers of class io.netty.util.internal.PlatformDependent0$2
WARNING: sun.misc.Unsafe::allocateMemory will be removed in a future release
4453 [ZAP-daemon] INFO  org.parosproxy.paros.extension.ExtensionLoader - Initializing ExtensionHUDlaunch - ExtensionHUDlaunch
4454 [ZAP-daemon] INFO  org.parosproxy.paros.extension.ExtensionLoader - Initializing Passive Scanner Extension - Provides core passive scanning capabilities.
4465 [ZAP-daemon] INFO  org.parosproxy.paros.extension.ExtensionLoader - Initializing Passive Scanner Automation Framework Extension - Provides jobs and result data related to the passive scanner.
4466 [ZAP-daemon] INFO  org.parosproxy.paros.extension.ExtensionLoader - Initializing ExtensionGettingStarted - The ZAP Getting Started Guide
4466 [ZAP-daemon] INFO  org.parosproxy.paros.extension.ExtensionLoader - Initializing ExtensionAlertFilters - Context alert rules filter
4467 [ZAP-daemon] INFO  org.parosproxy.paros.extension.ExtensionLoader - Initializing Alert Filters Automation - Alert Filters Automation Framework Integration
4468 [ZAP-daemon] INFO  org.parosproxy.paros.extension.ExtensionLoader - Initializing Advance Fuzzer - Provides the foundation for concrete message types (for example, HTTP, WebSockets) expose fuzzer implementations.
4469 [ZAP-daemon] INFO  org.parosproxy.paros.extension.ExtensionLoader - Initializing HTTP Fuzzer - Allows to fuzz HTTP messages.
4470 [ZAP-daemon] INFO  org.parosproxy.paros.extension.ExtensionLoader - Initializing ExtensionOnlineMenu - The Online menu links
4470 [ZAP-daemon] INFO  org.parosproxy.paros.extension.ExtensionLoader - Initializing Postman Import - Allows you to spider and import Postman collections
4470 [ZAP-daemon] INFO  org.parosproxy.paros.extension.ExtensionLoader - Initializing Postman Automation - Postman Automation Framework Integration
4471 [ZAP-daemon] INFO  org.parosproxy.paros.extension.ExtensionLoader - Initializing ExtensionInsights - Insights Extension
4472 [ZAP-daemon] INFO  org.parosproxy.paros.extension.ExtensionLoader - Initializing Alert Filters Automation - Alert Filters Automation Framework Integration
4473 [ZAP-daemon] INFO  org.parosproxy.paros.extension.ExtensionLoader - Initializing Insights Reports Extension - Adds Insights to the report data
4474 [ZAP-daemon] INFO  org.parosproxy.paros.extension.ExtensionLoader - Initializing Retire.js - Retire.js
4475 [ZAP-daemon] INFO  org.zaproxy.addon.pscan.internal.ScanRuleManager - Loaded passive scan rule: Vulnerable JS Library (Powered by Retire.js)
4475 [ZAP-daemon] INFO  org.parosproxy.paros.extension.ExtensionLoader - Initializing Common Library - A library of shared functionality
4475 [ZAP-daemon] INFO  org.parosproxy.paros.extension.ExtensionLoader - Initializing Spider Extension - Spider used for automatically finding URIs on a site.
4488 [ZAP-daemon] INFO  org.parosproxy.paros.extension.ExtensionLoader - Initializing Spider Automation - Spider Automation Integration
4491 [ZAP-daemon] INFO  org.parosproxy.paros.extension.ExtensionLoader - Initializing Scripts Automation Framework Integration - Scripts Automation
4496 [ZAP-daemon] INFO  org.parosproxy.paros.extension.ExtensionLoader - Initializing Script Console Report Data - Supplies script data to reports when the session database contains recorded output.
4497 [ZAP-daemon] INFO  org.parosproxy.paros.extension.ExtensionLoader - Initializing Zest Import/Export - Zest script export and import support for Import/Export.
4497 [ZAP-daemon] INFO  org.parosproxy.paros.extension.ExtensionLoader - Initializing Ajax Spider Automation - Ajax Spider Automation Framework Integration
4499 [ZAP-daemon] INFO  org.parosproxy.paros.extension.ExtensionLoader - Initializing Active Scan Rules - Release status active scan rules
4500 [ZAP-daemon] INFO  org.parosproxy.paros.extension.ExtensionLoader - Initializing OpenAPI Import - Allows you to spider and import OpenAPI (Swagger) definitions 
4501 [ZAP-daemon] INFO  org.parosproxy.paros.extension.ExtensionLoader - Initializing OpenAPI Automation - OpenAPI Automation Framework Integration
4502 [ZAP-daemon] INFO  org.parosproxy.paros.extension.ExtensionLoader - Initializing OpenAPI Scripts - Adds scripts relevant to OpenAPI specifications.
4502 [ZAP-daemon] INFO  org.parosproxy.paros.extension.ExtensionLoader - Initializing OpenAPI Spider - OpenAPI Spider Integration
4504 [ZAP-daemon] INFO  org.parosproxy.paros.extension.ExtensionLoader - Initializing GraalVM JavaScript Engine Extension - Provides the GraalVM JavaScript engine for ZAP scripting.
4512 [ZAP-daemon] INFO  org.parosproxy.paros.extension.ExtensionLoader - Initializing ExtensionDomXSS - DOM XSS Active Scan Rule
4557 [ZAP-daemon] INFO  org.parosproxy.paros.extension.ExtensionLoader - Initializing Quick Start panel  - Adds the Quick Start panel for scanning and exploring applications
4558 [ZAP-daemon] INFO  org.parosproxy.paros.extension.ExtensionLoader - Initializing Quick Start Ajax Spider integration - Add the option to use the Ajax Spider in the Quick Start scan
4559 [ZAP-daemon] INFO  org.parosproxy.paros.extension.ExtensionLoader - Initializing Quick Start Client Spider Integration - Provides the option to use the Client Spider when running a quick scan
4559 [ZAP-daemon] INFO  org.parosproxy.paros.extension.ExtensionLoader - Initializing Quick Start HUD Integration - HUD integration for the quick start panel
4559 [ZAP-daemon] INFO  org.parosproxy.paros.extension.ExtensionLoader - Initializing Quick Start Browser Launcher - Launch browsers preset proxying through ZAP
4559 [ZAP-daemon] INFO  org.parosproxy.paros.extension.ExtensionLoader - Initializing Quick Start Spider Integration - Adds the option to use the traditional Spider in the Quick Start scan.
4560 [ZAP-daemon] INFO  org.parosproxy.paros.extension.ExtensionLoader - Initializing Sequence Automation - Sequence Automation Framework Integration
4563 [ZAP-daemon] INFO  org.parosproxy.paros.extension.ExtensionLoader - Initializing Automation Framework - Provides functionality to simplify using ZAP in an automated manner
4566 [ZAP-daemon] INFO  org.parosproxy.paros.extension.ExtensionLoader - Initializing Authentication Helper - Authentication Helper
4570 [ZAP-daemon] INFO  org.parosproxy.paros.extension.ExtensionLoader - Initializing Client Spider Browser Based Authentication Support - Enables browser based authentication when performing an authenticated Client Spider scan.
4570 [ZAP-daemon] INFO  org.parosproxy.paros.extension.ExtensionLoader - Initializing Authentication Helper Reports - Authentication Helper Reports
4571 [ZAP-daemon] INFO  org.parosproxy.paros.extension.ExtensionLoader - Initializing AJAX Spider Browser Based Authentication Support - Enables browser based authentication when performing an authenticated AJAX Spider scan.
4572 [ZAP-daemon] INFO  org.parosproxy.paros.extension.ExtensionLoader - Initializing WebSocket Message Editor - Provides the WebSocket Message Editor dialogues.
4572 [ZAP-daemon] INFO  org.parosproxy.paros.extension.ExtensionLoader - Initializing SOAP Automation - SOAP Automation Framework Integration
4573 [ZAP-daemon] INFO  org.parosproxy.paros.extension.ExtensionLoader - Initializing SOAP Spider - SOAP Spider Integration
4574 [ZAP-daemon] INFO  org.parosproxy.paros.extension.ExtensionLoader - Initializing Passive Scan Rules - Release status passive scan rules.
4574 [ZAP-daemon] INFO  org.parosproxy.paros.extension.ExtensionLoader - Initializing Report Generator - Templated and themed report generation functionality
4575 [ZAP-daemon] INFO  org.parosproxy.paros.extension.ExtensionLoader - Initializing Report Generation Automation Integration - Report Generation Automation Integration
4577 [ZAP-daemon] INFO  org.parosproxy.paros.extension.ExtensionLoader - Initializing Client Spider Automation - Client Spider Automation Framework Integration
4578 [ZAP-daemon] INFO  org.parosproxy.paros.extension.ExtensionLoader - Initializing Client Map Import/Export - Client Map export support for Import/Export.
4579 [ZAP-daemon] INFO  org.parosproxy.paros.extension.ExtensionLoader - Initializing Client Zest Script Recording Support - Allows recording client events as Zest scripts.
4581 [ZAP-daemon] INFO  org.parosproxy.paros.extension.ExtensionLoader - Initializing ExtensionGraphQl - Allows you to inspect and attack GraphQL endpoints.
4584 [ZAP-daemon] INFO  org.parosproxy.paros.extension.ExtensionLoader - Initializing GraphQL Automation - GraphQL Automation Framework Integration
4585 [ZAP-daemon] INFO  org.parosproxy.paros.extension.ExtensionLoader - Initializing GraphQL Spider - GraphQL Spider Integration
4585 [ZAP-daemon] INFO  org.parosproxy.paros.extension.ExtensionLoader - Initializing Import/Export - Import and Export functionality supporting multiple formats.
4586 [ZAP-daemon] INFO  org.parosproxy.paros.extension.ExtensionLoader - Initializing Import/Export Automation - Import/Export Automation Framework Integration
4587 [ZAP-daemon] INFO  org.parosproxy.paros.extension.ExtensionLoader - Initializing Match and Replace - Easy way to replace strings in requests and responses
4589 [ZAP-daemon] INFO  org.parosproxy.paros.extension.ExtensionLoader - Initializing Replacer Automation - Replacer Automation Framework Integration
4751 [ZAP-daemon] INFO  org.zaproxy.addon.oast.services.callback.CallbackService - Started callback service on 0.0.0.0:32993
4754 [ZAP-daemon] INFO  org.zaproxy.addon.pscan.internal.ScanRuleManager - Loaded passive scan rule: Script Passive Scan Rules
4757 [ZAP-daemon] INFO  org.zaproxy.addon.pscan.internal.ScanRuleManager - Loaded passive scan rule: Authentication Request Identified
4757 [ZAP-daemon] INFO  org.zaproxy.addon.pscan.internal.ScanRuleManager - Loaded passive scan rule: Session Management Response Identified
4757 [ZAP-daemon] INFO  org.zaproxy.addon.pscan.internal.ScanRuleManager - Loaded passive scan rule: Verification Request Identified
4758 [ZAP-daemon] INFO  org.zaproxy.addon.pscan.internal.ScanRuleManager - Loaded passive scan rule: WSDL File Detection
4786 [ZAP-daemon] INFO  org.zaproxy.addon.pscan.internal.ScanRuleManager - Loaded passive scan rule: Anti-clickjacking Header
4786 [ZAP-daemon] INFO  org.zaproxy.addon.pscan.internal.ScanRuleManager - Loaded passive scan rule: Application Error Disclosure
4786 [ZAP-daemon] INFO  org.zaproxy.addon.pscan.internal.ScanRuleManager - Loaded passive scan rule: Big Redirect Detected (Potential Sensitive Information Leak)
4786 [ZAP-daemon] INFO  org.zaproxy.addon.pscan.internal.ScanRuleManager - Loaded passive scan rule: Re-examine Cache-control Directives
4786 [ZAP-daemon] INFO  org.zaproxy.addon.pscan.internal.ScanRuleManager - Loaded passive scan rule: Charset Mismatch
4786 [ZAP-daemon] INFO  org.zaproxy.addon.pscan.internal.ScanRuleManager - Loaded passive scan rule: Content Security Policy (CSP) Header Not Set
4787 [ZAP-daemon] INFO  org.zaproxy.addon.pscan.internal.ScanRuleManager - Loaded passive scan rule: CSP
4787 [ZAP-daemon] INFO  org.zaproxy.addon.pscan.internal.ScanRuleManager - Loaded passive scan rule: Content-Type Header Missing
4787 [ZAP-daemon] INFO  org.zaproxy.addon.pscan.internal.ScanRuleManager - Loaded passive scan rule: Cookie No HttpOnly Flag
4787 [ZAP-daemon] INFO  org.zaproxy.addon.pscan.internal.ScanRuleManager - Loaded passive scan rule: Loosely Scoped Cookie
4787 [ZAP-daemon] INFO  org.zaproxy.addon.pscan.internal.ScanRuleManager - Loaded passive scan rule: Cookie without SameSite Attribute
4787 [ZAP-daemon] INFO  org.zaproxy.addon.pscan.internal.ScanRuleManager - Loaded passive scan rule: Cookie Without Secure Flag
4787 [ZAP-daemon] INFO  org.zaproxy.addon.pscan.internal.ScanRuleManager - Loaded passive scan rule: Cross-Domain Misconfiguration
4787 [ZAP-daemon] INFO  org.zaproxy.addon.pscan.internal.ScanRuleManager - Loaded passive scan rule: Cross-Domain JavaScript Source File Inclusion
4787 [ZAP-daemon] INFO  org.zaproxy.addon.pscan.internal.ScanRuleManager - Loaded passive scan rule: Absence of Anti-CSRF Tokens
4787 [ZAP-daemon] INFO  org.zaproxy.addon.pscan.internal.ScanRuleManager - Loaded passive scan rule: Directory Browsing
4787 [ZAP-daemon] INFO  org.zaproxy.addon.pscan.internal.ScanRuleManager - Loaded passive scan rule: Hash Disclosure
4787 [ZAP-daemon] INFO  org.zaproxy.addon.pscan.internal.ScanRuleManager - Loaded passive scan rule: Heartbleed OpenSSL Vulnerability (Indicative)
4787 [ZAP-daemon] INFO  org.zaproxy.addon.pscan.internal.ScanRuleManager - Loaded passive scan rule: In Page Banner Information Leak
4788 [ZAP-daemon] INFO  org.zaproxy.addon.pscan.internal.ScanRuleManager - Loaded passive scan rule: Private IP Disclosure
4788 [ZAP-daemon] INFO  org.zaproxy.addon.pscan.internal.ScanRuleManager - Loaded passive scan rule: Session ID in URL Rewrite
4788 [ZAP-daemon] INFO  org.zaproxy.addon.pscan.internal.ScanRuleManager - Loaded passive scan rule: Information Disclosure - Debug Error Messages
4788 [ZAP-daemon] INFO  org.zaproxy.addon.pscan.internal.ScanRuleManager - Loaded passive scan rule: Information Disclosure - Sensitive Information in URL
4788 [ZAP-daemon] INFO  org.zaproxy.addon.pscan.internal.ScanRuleManager - Loaded passive scan rule: Information Disclosure - Sensitive Information in HTTP Referrer Header
4788 [ZAP-daemon] INFO  org.zaproxy.addon.pscan.internal.ScanRuleManager - Loaded passive scan rule: Information Disclosure - Suspicious Comments
4788 [ZAP-daemon] INFO  org.zaproxy.addon.pscan.internal.ScanRuleManager - Loaded passive scan rule: Weak Authentication Method
4788 [ZAP-daemon] INFO  org.zaproxy.addon.pscan.internal.ScanRuleManager - Loaded passive scan rule: HTTP to HTTPS Insecure Transition in Form Post
4788 [ZAP-daemon] INFO  org.zaproxy.addon.pscan.internal.ScanRuleManager - Loaded passive scan rule: HTTPS to HTTP Insecure Transition in Form Post
4788 [ZAP-daemon] INFO  org.zaproxy.addon.pscan.internal.ScanRuleManager - Loaded passive scan rule: Insecure JSF ViewState
4788 [ZAP-daemon] INFO  org.zaproxy.addon.pscan.internal.ScanRuleManager - Loaded passive scan rule: Java Serialization Object
4789 [ZAP-daemon] INFO  org.zaproxy.addon.pscan.internal.ScanRuleManager - Loaded passive scan rule: Reverse Tabnabbing
4789 [ZAP-daemon] INFO  org.zaproxy.addon.pscan.internal.ScanRuleManager - Loaded passive scan rule: Secure Pages Include Mixed Content
4789 [ZAP-daemon] INFO  org.zaproxy.addon.pscan.internal.ScanRuleManager - Loaded passive scan rule: Modern Web Application
4789 [ZAP-daemon] INFO  org.zaproxy.addon.pscan.internal.ScanRuleManager - Loaded passive scan rule: PII Disclosure
4789 [ZAP-daemon] INFO  org.zaproxy.addon.pscan.internal.ScanRuleManager - Loaded passive scan rule: Script Served From Malicious Domain (polyfill)
4789 [ZAP-daemon] INFO  org.zaproxy.addon.pscan.internal.ScanRuleManager - Loaded passive scan rule: Retrieved from Cache
4789 [ZAP-daemon] INFO  org.zaproxy.addon.pscan.internal.ScanRuleManager - Loaded passive scan rule: HTTP Server Response Header
4789 [ZAP-daemon] INFO  org.zaproxy.addon.pscan.internal.ScanRuleManager - Loaded passive scan rule: Strict-Transport-Security Header
4789 [ZAP-daemon] INFO  org.zaproxy.addon.pscan.internal.ScanRuleManager - Loaded passive scan rule: Sub Resource Integrity Attribute Missing
4789 [ZAP-daemon] INFO  org.zaproxy.addon.pscan.internal.ScanRuleManager - Loaded passive scan rule: Timestamp Disclosure
4789 [ZAP-daemon] INFO  org.zaproxy.addon.pscan.internal.ScanRuleManager - Loaded passive scan rule: User Controllable Charset
4789 [ZAP-daemon] INFO  org.zaproxy.addon.pscan.internal.ScanRuleManager - Loaded passive scan rule: Cookie Poisoning
4790 [ZAP-daemon] INFO  org.zaproxy.addon.pscan.internal.ScanRuleManager - Loaded passive scan rule: User Controllable HTML Element Attribute (Potential XSS)
4790 [ZAP-daemon] INFO  org.zaproxy.addon.pscan.internal.ScanRuleManager - Loaded passive scan rule: User Controllable JavaScript Event (XSS)
4790 [ZAP-daemon] INFO  org.zaproxy.addon.pscan.internal.ScanRuleManager - Loaded passive scan rule: Off-site Redirect
4790 [ZAP-daemon] INFO  org.zaproxy.addon.pscan.internal.ScanRuleManager - Loaded passive scan rule: Username Hash Found
4790 [ZAP-daemon] INFO  org.zaproxy.addon.pscan.internal.ScanRuleManager - Loaded passive scan rule: Viewstate
4790 [ZAP-daemon] INFO  org.zaproxy.addon.pscan.internal.ScanRuleManager - Loaded passive scan rule: X-AspNet-Version Response Header
4790 [ZAP-daemon] INFO  org.zaproxy.addon.pscan.internal.ScanRuleManager - Loaded passive scan rule: X-Backend-Server Header Information Leak
4790 [ZAP-daemon] INFO  org.zaproxy.addon.pscan.internal.ScanRuleManager - Loaded passive scan rule: X-ChromeLogger-Data (XCOLD) Header Information Leak
4790 [ZAP-daemon] INFO  org.zaproxy.addon.pscan.internal.ScanRuleManager - Loaded passive scan rule: X-Content-Type-Options Header Missing
4790 [ZAP-daemon] INFO  org.zaproxy.addon.pscan.internal.ScanRuleManager - Loaded passive scan rule: X-Debug-Token Information Leak
4790 [ZAP-daemon] INFO  org.zaproxy.addon.pscan.internal.ScanRuleManager - Loaded passive scan rule: Server Leaks Information via "X-Powered-By" HTTP Response Header Field(s)
4791 [ZAP-daemon] INFO  org.zaproxy.addon.pscan.internal.ScanRuleManager - Loaded passive scan rule: ZAP is Out of Date
4791 [ZAP-daemon] INFO  org.zaproxy.addon.pscan.internal.ScanRuleManager - Loaded passive scan rule: Stats Passive Scan Rule
WARNING: A restricted method in java.lang.System has been called
WARNING: java.lang.System::load has been called by com.oracle.truffle.polyglot.JDKSupport in an unnamed module (file:/home/kali/.ZAP/addOnData/graaljs/0.14.0/libs/truffle-api-25.0.2.jar)
WARNING: Use --enable-native-access=ALL-UNNAMED to avoid a warning for callers in this module
WARNING: Restricted methods will be blocked in a future release unless native access is enabled

5829 [ZAP-daemon] INFO  org.zaproxy.addon.network.ExtensionNetwork - ZAP is now listening on 127.0.0.1:8080
5998 [ZAP-SpiderInitThread-0] INFO  org.zaproxy.addon.spider.SpiderThread - Starting spidering scan on http://192.168.1.1 at 2026-08-07T03:56:01.469-0400
6000 [ZAP-SpiderInitThread-0] INFO  org.zaproxy.addon.spider.Spider - Spider initializing...
6012 [ZAP-SpiderInitThread-0] INFO  org.zaproxy.addon.spider.Spider - Starting spider...
6120 [ZAP-SpiderThreadPool-0-thread-3] INFO  org.zaproxy.addon.spider.Spider - Spidering process is complete. Shutting down...
6121 [ZAP-SpiderShutdownThread-0] INFO  org.zaproxy.addon.spider.SpiderThread - Spider scanning complete: true on http://192.168.1.1 at 2026-08-07T03:56:01.592-0400
8068 [ZAP-IO-Server-1-1] INFO  org.parosproxy.paros.core.scanner.Scanner - scanner with ID 0 started
8101 [ZAP-Scanner-0] INFO  org.parosproxy.paros.core.scanner.HostProcess - Scanning 3 node(s) from http://192.168.1.1
8102 [ZAP-Scanner-0] INFO  org.parosproxy.paros.core.scanner.HostProcess - start host http://192.168.1.1 | PathTraversalScanRule strength MEDIUM threshold MEDIUM
8113 [ZAP-Scanner-0] INFO  org.parosproxy.paros.core.scanner.HostProcess - completed host/plugin http://192.168.1.1 | PathTraversalScanRule in 0.011s with 0 message(s) sent and 0 alert(s) raised.
8114 [ZAP-Scanner-0] INFO  org.parosproxy.paros.core.scanner.HostProcess - start host http://192.168.1.1 | RemoteFileIncludeScanRule strength MEDIUM threshold MEDIUM
8129 [ZAP-Scanner-0] INFO  org.parosproxy.paros.core.scanner.HostProcess - completed host/plugin http://192.168.1.1 | RemoteFileIncludeScanRule in 0.014s with 0 message(s) sent and 0 alert(s) raised.
8131 [ZAP-Scanner-0] INFO  org.parosproxy.paros.core.scanner.HostProcess - start host http://192.168.1.1 | SourceCodeDisclosureWebInfScanRule strength MEDIUM threshold MEDIUM
8132 [ZAP-Scanner-0] INFO  org.parosproxy.paros.core.scanner.HostProcess - start host http://192.168.1.1 | ShellShockScanRule strength MEDIUM threshold MEDIUM
8185 [ZAP-ActiveScanner-0] INFO  org.parosproxy.paros.core.scanner.HostProcess - completed host/plugin http://192.168.1.1 | SourceCodeDisclosureWebInfScanRule in 0.055s with 2 message(s) sent and 0 alert(s) raised.
8186 [ZAP-Scanner-0] INFO  org.parosproxy.paros.core.scanner.HostProcess - completed host/plugin http://192.168.1.1 | ShellShockScanRule in 0.054s with 0 message(s) sent and 0 alert(s) raised.
8186 [ZAP-Scanner-0] INFO  org.parosproxy.paros.core.scanner.HostProcess - start host http://192.168.1.1 | HeartBleedActiveScanRule strength MEDIUM threshold MEDIUM
8189 [ZAP-Scanner-0] INFO  org.parosproxy.paros.core.scanner.HostProcess - start host http://192.168.1.1 | SourceCodeDisclosureCve20121823ScanRule strength MEDIUM threshold MEDIUM
8194 [ZAP-ActiveScanner-0] INFO  org.parosproxy.paros.core.scanner.HostProcess - completed host/plugin http://192.168.1.1 | HeartBleedActiveScanRule in 0.008s with 0 message(s) sent and 0 alert(s) raised.
8229 [ZAP-Scanner-0] INFO  org.parosproxy.paros.core.scanner.HostProcess - completed host/plugin http://192.168.1.1 | SourceCodeDisclosureCve20121823ScanRule in 0.04s with 0 message(s) sent and 0 alert(s) raised.
8231 [ZAP-Scanner-0] INFO  org.parosproxy.paros.core.scanner.HostProcess - start host http://192.168.1.1 | RemoteCodeExecutionCve20121823ScanRule strength MEDIUM threshold MEDIUM
8246 [ZAP-ActiveScanner-1] INFO  org.apache.hc.client5.http.impl.classic.ZapHttpRequestRetryExec - Recoverable I/O exception (org.apache.hc.core5.http.NoHttpResponseException) caught when processing request to {}->http://192.168.1.1:80
8246 [ZAP-ActiveScanner-0] INFO  org.apache.hc.client5.http.impl.classic.ZapHttpRequestRetryExec - Recoverable I/O exception (org.apache.hc.core5.http.NoHttpResponseException) caught when processing request to {}->http://192.168.1.1:80
8248 [ZAP-ActiveScanner-2] INFO  org.apache.hc.client5.http.impl.classic.ZapHttpRequestRetryExec - Recoverable I/O exception (org.apache.hc.core5.http.NoHttpResponseException) caught when processing request to {}->http://192.168.1.1:80
8253 [ZAP-ActiveScanner-0] INFO  org.apache.hc.client5.http.impl.classic.ZapHttpRequestRetryExec - Recoverable I/O exception (org.apache.hc.core5.http.NoHttpResponseException) caught when processing request to {}->http://192.168.1.1:80
8255 [ZAP-ActiveScanner-1] INFO  org.apache.hc.client5.http.impl.classic.ZapHttpRequestRetryExec - Recoverable I/O exception (org.apache.hc.core5.http.NoHttpResponseException) caught when processing request to {}->http://192.168.1.1:80
8258 [ZAP-ActiveScanner-2] INFO  org.apache.hc.client5.http.impl.classic.ZapHttpRequestRetryExec - Recoverable I/O exception (org.apache.hc.core5.http.NoHttpResponseException) caught when processing request to {}->http://192.168.1.1:80
8261 [ZAP-ActiveScanner-0] INFO  org.apache.hc.client5.http.impl.classic.ZapHttpRequestRetryExec - Recoverable I/O exception (org.apache.hc.core5.http.NoHttpResponseException) caught when processing request to {}->http://192.168.1.1:80
8263 [ZAP-ActiveScanner-1] INFO  org.apache.hc.client5.http.impl.classic.ZapHttpRequestRetryExec - Recoverable I/O exception (org.apache.hc.core5.http.NoHttpResponseException) caught when processing request to {}->http://192.168.1.1:80
8267 [ZAP-ActiveScanner-2] INFO  org.apache.hc.client5.http.impl.classic.ZapHttpRequestRetryExec - Recoverable I/O exception (org.apache.hc.core5.http.NoHttpResponseException) caught when processing request to {}->http://192.168.1.1:80
8278 [ZAP-ActiveScanner-0] INFO  org.apache.hc.client5.http.impl.classic.ZapHttpRequestRetryExec - Recoverable I/O exception (org.apache.hc.core5.http.NoHttpResponseException) caught when processing request to {}->http://192.168.1.1:80
8280 [ZAP-ActiveScanner-1] INFO  org.apache.hc.client5.http.impl.classic.ZapHttpRequestRetryExec - Recoverable I/O exception (org.apache.hc.core5.http.NoHttpResponseException) caught when processing request to {}->http://192.168.1.1:80
8283 [ZAP-ActiveScanner-2] INFO  org.apache.hc.client5.http.impl.classic.ZapHttpRequestRetryExec - Recoverable I/O exception (org.apache.hc.core5.http.NoHttpResponseException) caught when processing request to {}->http://192.168.1.1:80
8286 [ZAP-ActiveScanner-0] INFO  org.apache.hc.client5.http.impl.classic.ZapHttpRequestRetryExec - Recoverable I/O exception (org.apache.hc.core5.http.NoHttpResponseException) caught when processing request to {}->http://192.168.1.1:80
8289 [ZAP-ActiveScanner-1] INFO  org.apache.hc.client5.http.impl.classic.ZapHttpRequestRetryExec - Recoverable I/O exception (org.apache.hc.core5.http.NoHttpResponseException) caught when processing request to {}->http://192.168.1.1:80
8292 [ZAP-ActiveScanner-2] INFO  org.apache.hc.client5.http.impl.classic.ZapHttpRequestRetryExec - Recoverable I/O exception (org.apache.hc.core5.http.NoHttpResponseException) caught when processing request to {}->http://192.168.1.1:80
8294 [ZAP-ActiveScanner-0] INFO  org.apache.hc.client5.http.impl.classic.ZapHttpRequestRetryExec - Recoverable I/O exception (org.apache.hc.core5.http.NoHttpResponseException) caught when processing request to {}->http://192.168.1.1:80
8298 [ZAP-ActiveScanner-1] INFO  org.apache.hc.client5.http.impl.classic.ZapHttpRequestRetryExec - Recoverable I/O exception (org.apache.hc.core5.http.NoHttpResponseException) caught when processing request to {}->http://192.168.1.1:80
8300 [ZAP-ActiveScanner-2] INFO  org.apache.hc.client5.http.impl.classic.ZapHttpRequestRetryExec - Recoverable I/O exception (org.apache.hc.core5.http.NoHttpResponseException) caught when processing request to {}->http://192.168.1.1:80
8307 [ZAP-Scanner-0] INFO  org.parosproxy.paros.core.scanner.HostProcess - completed host/plugin http://192.168.1.1 | RemoteCodeExecutionCve20121823ScanRule in 0.076s with 0 message(s) sent and 0 alert(s) raised.
8307 [ZAP-Scanner-0] INFO  org.parosproxy.paros.core.scanner.HostProcess - start host http://192.168.1.1 | ExternalRedirectScanRule strength MEDIUM threshold MEDIUM
8312 [ZAP-Scanner-0] INFO  org.parosproxy.paros.core.scanner.HostProcess - completed host/plugin http://192.168.1.1 | ExternalRedirectScanRule in 0.005s with 0 message(s) sent and 0 alert(s) raised.
8312 [ZAP-Scanner-0] INFO  org.parosproxy.paros.core.scanner.HostProcess - start host http://192.168.1.1 | ServerSideIncludeScanRule strength MEDIUM threshold MEDIUM
8315 [ZAP-Scanner-0] INFO  org.parosproxy.paros.core.scanner.HostProcess - completed host/plugin http://192.168.1.1 | ServerSideIncludeScanRule in 0.003s with 0 message(s) sent and 0 alert(s) raised.
8316 [ZAP-Scanner-0] INFO  org.parosproxy.paros.core.scanner.HostProcess - start host http://192.168.1.1 | CrossSiteScriptingScanRule strength MEDIUM threshold MEDIUM
8319 [ZAP-Scanner-0] INFO  org.parosproxy.paros.core.scanner.HostProcess - completed host/plugin http://192.168.1.1 | CrossSiteScriptingScanRule in 0.003s with 0 message(s) sent and 0 alert(s) raised.
8319 [ZAP-Scanner-0] INFO  org.parosproxy.paros.core.scanner.HostProcess - start host http://192.168.1.1 | PersistentXssPrimeScanRule strength MEDIUM threshold MEDIUM
8325 [ZAP-Scanner-0] INFO  org.parosproxy.paros.core.scanner.HostProcess - completed host/plugin http://192.168.1.1 | PersistentXssPrimeScanRule in 0.006s with 0 message(s) sent and 0 alert(s) raised.
8325 [ZAP-Scanner-0] INFO  org.parosproxy.paros.core.scanner.HostProcess - start host http://192.168.1.1 | PersistentXssSpiderScanRule strength MEDIUM threshold MEDIUM
8340 [ZAP-Scanner-0] INFO  org.parosproxy.paros.core.scanner.HostProcess - completed host/plugin http://192.168.1.1 | PersistentXssSpiderScanRule in 0.015s with 3 message(s) sent and 0 alert(s) raised.
8340 [ZAP-Scanner-0] INFO  org.parosproxy.paros.core.scanner.HostProcess - start host http://192.168.1.1 | PersistentXssScanRule strength MEDIUM threshold MEDIUM
8343 [ZAP-Scanner-0] INFO  org.parosproxy.paros.core.scanner.HostProcess - completed host/plugin http://192.168.1.1 | PersistentXssScanRule in 0.003s with 0 message(s) sent and 0 alert(s) raised.
8344 [ZAP-Scanner-0] INFO  org.parosproxy.paros.core.scanner.HostProcess - start host http://192.168.1.1 | SqlInjectionScanRule strength MEDIUM threshold MEDIUM
8348 [ZAP-Scanner-0] INFO  org.parosproxy.paros.core.scanner.HostProcess - completed host/plugin http://192.168.1.1 | SqlInjectionScanRule in 0.004s with 0 message(s) sent and 0 alert(s) raised.
8348 [ZAP-Scanner-0] INFO  org.parosproxy.paros.core.scanner.HostProcess - start host http://192.168.1.1 | SqlInjectionMySqlTimingScanRule strength MEDIUM threshold MEDIUM
8353 [ZAP-Scanner-0] INFO  org.parosproxy.paros.core.scanner.HostProcess - completed host/plugin http://192.168.1.1 | SqlInjectionMySqlTimingScanRule in 0.005s with 0 message(s) sent and 0 alert(s) raised.
8353 [ZAP-Scanner-0] INFO  org.parosproxy.paros.core.scanner.HostProcess - start host http://192.168.1.1 | SqlInjectionHypersonicTimingScanRule strength MEDIUM threshold MEDIUM
8359 [ZAP-Scanner-0] INFO  org.parosproxy.paros.core.scanner.HostProcess - completed host/plugin http://192.168.1.1 | SqlInjectionHypersonicTimingScanRule in 0.006s with 0 message(s) sent and 0 alert(s) raised.
8359 [ZAP-Scanner-0] INFO  org.parosproxy.paros.core.scanner.HostProcess - start host http://192.168.1.1 | SqlInjectionOracleTimingScanRule strength MEDIUM threshold MEDIUM
8364 [ZAP-Scanner-0] INFO  org.parosproxy.paros.core.scanner.HostProcess - completed host/plugin http://192.168.1.1 | SqlInjectionOracleTimingScanRule in 0.005s with 0 message(s) sent and 0 alert(s) raised.
8364 [ZAP-Scanner-0] INFO  org.parosproxy.paros.core.scanner.HostProcess - start host http://192.168.1.1 | SqlInjectionPostgreSqlTimingScanRule strength MEDIUM threshold MEDIUM
8368 [ZAP-Scanner-0] INFO  org.parosproxy.paros.core.scanner.HostProcess - completed host/plugin http://192.168.1.1 | SqlInjectionPostgreSqlTimingScanRule in 0.004s with 0 message(s) sent and 0 alert(s) raised.
8369 [ZAP-Scanner-0] INFO  org.parosproxy.paros.core.scanner.HostProcess - start host http://192.168.1.1 | DomXssScanRule strength MEDIUM threshold MEDIUM
12802 [Thread-69] INFO  org.zaproxy.zap.extension.domxss.DomXssScanRule - Reaper thread starting
46322 [ZAP-Scanner-0] INFO  org.parosproxy.paros.core.scanner.HostProcess - completed host/plugin http://192.168.1.1 | DomXssScanRule in 37.953s with 8 message(s) sent and 0 alert(s) raised.
47809 [ZAP-DomXssReaper] INFO  org.zaproxy.zap.extension.domxss.DomXssScanRule - Reaper thread exiting 0
49039 [ZAP-Scanner-0] INFO  org.parosproxy.paros.core.scanner.HostProcess - start host http://192.168.1.1 | SqlInjectionMsSqlTimingScanRule strength MEDIUM threshold MEDIUM
49045 [ZAP-Scanner-0] INFO  org.parosproxy.paros.core.scanner.HostProcess - completed host/plugin http://192.168.1.1 | SqlInjectionMsSqlTimingScanRule in 0.007s with 0 message(s) sent and 0 alert(s) raised.
49046 [ZAP-Scanner-0] INFO  org.parosproxy.paros.core.scanner.HostProcess - start host http://192.168.1.1 | Log4ShellScanRule strength MEDIUM threshold MEDIUM
49048 [ZAP-Scanner-0] INFO  org.parosproxy.paros.core.scanner.HostProcess - skipped plugin [no Active Scan OAST service is selected] http://192.168.1.1 | Log4ShellScanRule in 0.002s with 0 message(s) sent and 0 alert(s) raised.
49048 [ZAP-Scanner-0] INFO  org.parosproxy.paros.core.scanner.HostProcess - start host http://192.168.1.1 | Spring4ShellScanRule strength MEDIUM threshold MEDIUM
69069 [ZAP-ActiveScanner-0] WARN  org.zaproxy.zap.extension.ascanrules.Spring4ShellScanRule - Connect to http://192.168.1.1:80 [/192.168.1.1] failed: Connect timed out
org.zaproxy.addon.network.common.ZapSocketTimeoutException: Connect to http://192.168.1.1:80 [/192.168.1.1] failed: Connect timed out
	at java.base/sun.nio.ch.NioSocketImpl.timedFinishConnect(NioSocketImpl.java:547)
	at java.base/sun.nio.ch.NioSocketImpl.connect(NioSocketImpl.java:594)
	at java.base/java.net.SocksSocketImpl.connect(SocksSocketImpl.java:284)
	at java.base/java.net.Socket.connect(Socket.java:659)
	at org.apache.hc.client5.http.socket.PlainConnectionSocketFactory.lambda$connectSocket$0(PlainConnectionSocketFactory.java:85)
	at java.base/java.security.AccessController.doPrivileged(AccessController.java:251)
	at org.apache.hc.client5.http.socket.PlainConnectionSocketFactory.connectSocket(PlainConnectionSocketFactory.java:84)
	at org.apache.hc.client5.http.socket.ConnectionSocketFactory.connectSocket(ConnectionSocketFactory.java:113)
	at org.apache.hc.client5.http.impl.io.DefaultHttpClientConnectionOperator.connect(DefaultHttpClientConnectionOperator.java:181)
	at org.apache.hc.client5.http.impl.io.ZapHttpClientConnectionOperator.connect(ZapHttpClientConnectionOperator.java:95)
	at org.apache.hc.client5.http.impl.io.PoolingHttpClientConnectionManager.connect(PoolingHttpClientConnectionManager.java:447)
	at org.apache.hc.client5.http.impl.classic.InternalExecRuntime.connectEndpoint(InternalExecRuntime.java:162)
	at org.apache.hc.client5.http.impl.classic.InternalExecRuntime.connectEndpoint(InternalExecRuntime.java:172)
	at org.apache.hc.client5.http.impl.classic.ConnectExec.execute(ConnectExec.java:142)
	at org.apache.hc.client5.http.impl.classic.ExecChainElement.execute(ExecChainElement.java:51)
	at org.apache.hc.client5.http.impl.classic.ZapProtocolExec.execute(ZapProtocolExec.java:179)
	at org.apache.hc.client5.http.impl.classic.ExecChainElement.execute(ExecChainElement.java:51)
	at org.apache.hc.client5.http.impl.classic.ZapHttpRequestRetryExec.execute(ZapHttpRequestRetryExec.java:81)
	at org.apache.hc.client5.http.impl.classic.ExecChainElement.execute(ExecChainElement.java:51)
	at org.apache.hc.client5.http.impl.classic.ZapInternalHttpClient.doExecute(ZapInternalHttpClient.java:173)
	at org.apache.hc.client5.http.impl.classic.CloseableHttpClient.execute(CloseableHttpClient.java:245)
	at org.apache.hc.client5.http.impl.classic.CloseableHttpClient.execute(CloseableHttpClient.java:188)
	at org.zaproxy.addon.network.internal.client.apachev5.HttpSenderApache.sendImpl0(HttpSenderApache.java:486)
	at org.zaproxy.addon.network.internal.client.apachev5.HttpSenderApache.sendImpl(HttpSenderApache.java:365)
	at org.zaproxy.addon.network.internal.client.apachev5.HttpSenderApache.sendImpl(HttpSenderApache.java:116)
	at org.zaproxy.addon.network.internal.client.BaseHttpSender.sendRateLimited(BaseHttpSender.java:415)
	at org.zaproxy.addon.network.internal.client.BaseHttpSender.sendAuthenticated(BaseHttpSender.java:383)
	at org.zaproxy.addon.network.internal.client.BaseHttpSender.sendNoRedirections(BaseHttpSender.java:351)
	at org.zaproxy.addon.network.internal.client.BaseHttpSender.send(BaseHttpSender.java:307)
	at org.zaproxy.addon.network.internal.client.BaseHttpSender.sendAndReceive(BaseHttpSender.java:278)
	at org.zaproxy.addon.network.internal.client.BaseHttpSender.sendAndReceive(BaseHttpSender.java:234)
	at org.parosproxy.paros.network.HttpSender.sendImpl(HttpSender.java:536)
	at org.parosproxy.paros.network.HttpSender.sendAndReceive(HttpSender.java:529)
	at org.parosproxy.paros.core.scanner.AbstractPlugin.sendMessageImpl(AbstractPlugin.java:344)
	at org.parosproxy.paros.core.scanner.AbstractPlugin.sendAndReceive(AbstractPlugin.java:331)
	at org.parosproxy.paros.core.scanner.AbstractPlugin.sendAndReceive(AbstractPlugin.java:265)
	at org.parosproxy.paros.core.scanner.AbstractPlugin.sendAndReceive(AbstractPlugin.java:238)
	at org.zaproxy.zap.extension.ascanrules.Spring4ShellScanRule.isVulnerable(Spring4ShellScanRule.java:129)
	at org.zaproxy.zap.extension.ascanrules.Spring4ShellScanRule.scan(Spring4ShellScanRule.java:156)
	at org.parosproxy.paros.core.scanner.AbstractPlugin.run(AbstractPlugin.java:402)
	at java.base/java.lang.Thread.run(Thread.java:1474)
69069 [ZAP-ActiveScanner-2] WARN  org.zaproxy.zap.extension.ascanrules.Spring4ShellScanRule - Connect to http://192.168.1.1:80 [/192.168.1.1] failed: Connect timed out
org.zaproxy.addon.network.common.ZapSocketTimeoutException: Connect to http://192.168.1.1:80 [/192.168.1.1] failed: Connect timed out
	at java.base/sun.nio.ch.NioSocketImpl.timedFinishConnect(NioSocketImpl.java:547)
	at java.base/sun.nio.ch.NioSocketImpl.connect(NioSocketImpl.java:594)
	at java.base/java.net.SocksSocketImpl.connect(SocksSocketImpl.java:284)
	at java.base/java.net.Socket.connect(Socket.java:659)
	at org.apache.hc.client5.http.socket.PlainConnectionSocketFactory.lambda$connectSocket$0(PlainConnectionSocketFactory.java:85)
	at java.base/java.security.AccessController.doPrivileged(AccessController.java:251)
	at org.apache.hc.client5.http.socket.PlainConnectionSocketFactory.connectSocket(PlainConnectionSocketFactory.java:84)
	at org.apache.hc.client5.http.socket.ConnectionSocketFactory.connectSocket(ConnectionSocketFactory.java:113)
	at org.apache.hc.client5.http.impl.io.DefaultHttpClientConnectionOperator.connect(DefaultHttpClientConnectionOperator.java:181)
	at org.apache.hc.client5.http.impl.io.ZapHttpClientConnectionOperator.connect(ZapHttpClientConnectionOperator.java:95)
	at org.apache.hc.client5.http.impl.io.PoolingHttpClientConnectionManager.connect(PoolingHttpClientConnectionManager.java:447)
	at org.apache.hc.client5.http.impl.classic.InternalExecRuntime.connectEndpoint(InternalExecRuntime.java:162)
	at org.apache.hc.client5.http.impl.classic.InternalExecRuntime.connectEndpoint(InternalExecRuntime.java:172)
	at org.apache.hc.client5.http.impl.classic.ConnectExec.execute(ConnectExec.java:142)
	at org.apache.hc.client5.http.impl.classic.ExecChainElement.execute(ExecChainElement.java:51)
	at org.apache.hc.client5.http.impl.classic.ZapProtocolExec.execute(ZapProtocolExec.java:179)
	at org.apache.hc.client5.http.impl.classic.ExecChainElement.execute(ExecChainElement.java:51)
	at org.apache.hc.client5.http.impl.classic.ZapHttpRequestRetryExec.execute(ZapHttpRequestRetryExec.java:81)
	at org.apache.hc.client5.http.impl.classic.ExecChainElement.execute(ExecChainElement.java:51)
	at org.apache.hc.client5.http.impl.classic.ZapInternalHttpClient.doExecute(ZapInternalHttpClient.java:173)
	at org.apache.hc.client5.http.impl.classic.CloseableHttpClient.execute(CloseableHttpClient.java:245)
	at org.apache.hc.client5.http.impl.classic.CloseableHttpClient.execute(CloseableHttpClient.java:188)
	at org.zaproxy.addon.network.internal.client.apachev5.HttpSenderApache.sendImpl0(HttpSenderApache.java:486)
	at org.zaproxy.addon.network.internal.client.apachev5.HttpSenderApache.sendImpl(HttpSenderApache.java:365)
	at org.zaproxy.addon.network.internal.client.apachev5.HttpSenderApache.sendImpl(HttpSenderApache.java:116)
	at org.zaproxy.addon.network.internal.client.BaseHttpSender.sendRateLimited(BaseHttpSender.java:415)
	at org.zaproxy.addon.network.internal.client.BaseHttpSender.sendAuthenticated(BaseHttpSender.java:383)
	at org.zaproxy.addon.network.internal.client.BaseHttpSender.sendNoRedirections(BaseHttpSender.java:351)
	at org.zaproxy.addon.network.internal.client.BaseHttpSender.send(BaseHttpSender.java:307)
	at org.zaproxy.addon.network.internal.client.BaseHttpSender.sendAndReceive(BaseHttpSender.java:278)
	at org.zaproxy.addon.network.internal.client.BaseHttpSender.sendAndReceive(BaseHttpSender.java:234)
	at org.parosproxy.paros.network.HttpSender.sendImpl(HttpSender.java:536)
	at org.parosproxy.paros.network.HttpSender.sendAndReceive(HttpSender.java:529)
	at org.parosproxy.paros.core.scanner.AbstractPlugin.sendMessageImpl(AbstractPlugin.java:344)
	at org.parosproxy.paros.core.scanner.AbstractPlugin.sendAndReceive(AbstractPlugin.java:331)
	at org.parosproxy.paros.core.scanner.AbstractPlugin.sendAndReceive(AbstractPlugin.java:265)
	at org.parosproxy.paros.core.scanner.AbstractPlugin.sendAndReceive(AbstractPlugin.java:238)
	at org.zaproxy.zap.extension.ascanrules.Spring4ShellScanRule.isVulnerable(Spring4ShellScanRule.java:129)
	at org.zaproxy.zap.extension.ascanrules.Spring4ShellScanRule.scan(Spring4ShellScanRule.java:156)
	at org.parosproxy.paros.core.scanner.AbstractPlugin.run(AbstractPlugin.java:402)
	at java.base/java.lang.Thread.run(Thread.java:1474)
69071 [ZAP-ActiveScanner-1] WARN  org.zaproxy.zap.extension.ascanrules.Spring4ShellScanRule - Connect to http://192.168.1.1:80 [/192.168.1.1] failed: Connect timed out
org.zaproxy.addon.network.common.ZapSocketTimeoutException: Connect to http://192.168.1.1:80 [/192.168.1.1] failed: Connect timed out
	at java.base/sun.nio.ch.NioSocketImpl.timedFinishConnect(NioSocketImpl.java:547)
	at java.base/sun.nio.ch.NioSocketImpl.connect(NioSocketImpl.java:594)
	at java.base/java.net.SocksSocketImpl.connect(SocksSocketImpl.java:284)
	at java.base/java.net.Socket.connect(Socket.java:659)
	at org.apache.hc.client5.http.socket.PlainConnectionSocketFactory.lambda$connectSocket$0(PlainConnectionSocketFactory.java:85)
	at java.base/java.security.AccessController.doPrivileged(AccessController.java:251)
	at org.apache.hc.client5.http.socket.PlainConnectionSocketFactory.connectSocket(PlainConnectionSocketFactory.java:84)
	at org.apache.hc.client5.http.socket.ConnectionSocketFactory.connectSocket(ConnectionSocketFactory.java:113)
	at org.apache.hc.client5.http.impl.io.DefaultHttpClientConnectionOperator.connect(DefaultHttpClientConnectionOperator.java:181)
	at org.apache.hc.client5.http.impl.io.ZapHttpClientConnectionOperator.connect(ZapHttpClientConnectionOperator.java:95)
	at org.apache.hc.client5.http.impl.io.PoolingHttpClientConnectionManager.connect(PoolingHttpClientConnectionManager.java:447)
	at org.apache.hc.client5.http.impl.classic.InternalExecRuntime.connectEndpoint(InternalExecRuntime.java:162)
	at org.apache.hc.client5.http.impl.classic.InternalExecRuntime.connectEndpoint(InternalExecRuntime.java:172)
	at org.apache.hc.client5.http.impl.classic.ConnectExec.execute(ConnectExec.java:142)
	at org.apache.hc.client5.http.impl.classic.ExecChainElement.execute(ExecChainElement.java:51)
	at org.apache.hc.client5.http.impl.classic.ZapProtocolExec.execute(ZapProtocolExec.java:179)
	at org.apache.hc.client5.http.impl.classic.ExecChainElement.execute(ExecChainElement.java:51)
	at org.apache.hc.client5.http.impl.classic.ZapHttpRequestRetryExec.execute(ZapHttpRequestRetryExec.java:81)
	at org.apache.hc.client5.http.impl.classic.ExecChainElement.execute(ExecChainElement.java:51)
	at org.apache.hc.client5.http.impl.classic.ZapInternalHttpClient.doExecute(ZapInternalHttpClient.java:173)
	at org.apache.hc.client5.http.impl.classic.CloseableHttpClient.execute(CloseableHttpClient.java:245)
	at org.apache.hc.client5.http.impl.classic.CloseableHttpClient.execute(CloseableHttpClient.java:188)
	at org.zaproxy.addon.network.internal.client.apachev5.HttpSenderApache.sendImpl0(HttpSenderApache.java:486)
	at org.zaproxy.addon.network.internal.client.apachev5.HttpSenderApache.sendImpl(HttpSenderApache.java:365)
	at org.zaproxy.addon.network.internal.client.apachev5.HttpSenderApache.sendImpl(HttpSenderApache.java:116)
	at org.zaproxy.addon.network.internal.client.BaseHttpSender.sendRateLimited(BaseHttpSender.java:415)
	at org.zaproxy.addon.network.internal.client.BaseHttpSender.sendAuthenticated(BaseHttpSender.java:383)
	at org.zaproxy.addon.network.internal.client.BaseHttpSender.sendNoRedirections(BaseHttpSender.java:351)
	at org.zaproxy.addon.network.internal.client.BaseHttpSender.send(BaseHttpSender.java:307)
	at org.zaproxy.addon.network.internal.client.BaseHttpSender.sendAndReceive(BaseHttpSender.java:278)
	at org.zaproxy.addon.network.internal.client.BaseHttpSender.sendAndReceive(BaseHttpSender.java:234)
	at org.parosproxy.paros.network.HttpSender.sendImpl(HttpSender.java:536)
	at org.parosproxy.paros.network.HttpSender.sendAndReceive(HttpSender.java:529)
	at org.parosproxy.paros.core.scanner.AbstractPlugin.sendMessageImpl(AbstractPlugin.java:344)
	at org.parosproxy.paros.core.scanner.AbstractPlugin.sendAndReceive(AbstractPlugin.java:331)
	at org.parosproxy.paros.core.scanner.AbstractPlugin.sendAndReceive(AbstractPlugin.java:265)
	at org.parosproxy.paros.core.scanner.AbstractPlugin.sendAndReceive(AbstractPlugin.java:238)
	at org.zaproxy.zap.extension.ascanrules.Spring4ShellScanRule.isVulnerable(Spring4ShellScanRule.java:129)
	at org.zaproxy.zap.extension.ascanrules.Spring4ShellScanRule.scan(Spring4ShellScanRule.java:156)
	at org.parosproxy.paros.core.scanner.AbstractPlugin.run(AbstractPlugin.java:402)
	at java.base/java.lang.Thread.run(Thread.java:1474)
71513 [ZAP-ActiveScanner-1] WARN  org.zaproxy.zap.extension.ascanrules.Spring4ShellScanRule - No route to host (connect failed)
java.net.NoRouteToHostException: No route to host (connect failed)
	at java.base/sun.nio.ch.Net.pollConnect(Native Method)
	at java.base/sun.nio.ch.Net.pollConnectNow(Net.java:639)
	at java.base/sun.nio.ch.NioSocketImpl.timedFinishConnect(NioSocketImpl.java:550)
	at java.base/sun.nio.ch.NioSocketImpl.connect(NioSocketImpl.java:594)
	at java.base/java.net.SocksSocketImpl.connect(SocksSocketImpl.java:284)
	at java.base/java.net.Socket.connect(Socket.java:659)
	at org.apache.hc.client5.http.socket.PlainConnectionSocketFactory.lambda$connectSocket$0(PlainConnectionSocketFactory.java:85)
	at java.base/java.security.AccessController.doPrivileged(AccessController.java:251)
	at org.apache.hc.client5.http.socket.PlainConnectionSocketFactory.connectSocket(PlainConnectionSocketFactory.java:84)
	at org.apache.hc.client5.http.socket.ConnectionSocketFactory.connectSocket(ConnectionSocketFactory.java:113)
	at org.apache.hc.client5.http.impl.io.DefaultHttpClientConnectionOperator.connect(DefaultHttpClientConnectionOperator.java:181)
	at org.apache.hc.client5.http.impl.io.ZapHttpClientConnectionOperator.connect(ZapHttpClientConnectionOperator.java:95)
	at org.apache.hc.client5.http.impl.io.PoolingHttpClientConnectionManager.connect(PoolingHttpClientConnectionManager.java:447)
	at org.apache.hc.client5.http.impl.classic.InternalExecRuntime.connectEndpoint(InternalExecRuntime.java:162)
	at org.apache.hc.client5.http.impl.classic.InternalExecRuntime.connectEndpoint(InternalExecRuntime.java:172)
	at org.apache.hc.client5.http.impl.classic.ConnectExec.execute(ConnectExec.java:142)
	at org.apache.hc.client5.http.impl.classic.ExecChainElement.execute(ExecChainElement.java:51)
	at org.apache.hc.client5.http.impl.classic.ZapProtocolExec.execute(ZapProtocolExec.java:179)
	at org.apache.hc.client5.http.impl.classic.ExecChainElement.execute(ExecChainElement.java:51)
	at org.apache.hc.client5.http.impl.classic.ZapHttpRequestRetryExec.execute(ZapHttpRequestRetryExec.java:81)
	at org.apache.hc.client5.http.impl.classic.ExecChainElement.execute(ExecChainElement.java:51)
	at org.apache.hc.client5.http.impl.classic.ZapInternalHttpClient.doExecute(ZapInternalHttpClient.java:173)
	at org.apache.hc.client5.http.impl.classic.CloseableHttpClient.execute(CloseableHttpClient.java:245)
	at org.apache.hc.client5.http.impl.classic.CloseableHttpClient.execute(CloseableHttpClient.java:188)
	at org.zaproxy.addon.network.internal.client.apachev5.HttpSenderApache.sendImpl0(HttpSenderApache.java:486)
	at org.zaproxy.addon.network.internal.client.apachev5.HttpSenderApache.sendImpl(HttpSenderApache.java:365)
	at org.zaproxy.addon.network.internal.client.apachev5.HttpSenderApache.sendImpl(HttpSenderApache.java:116)
	at org.zaproxy.addon.network.internal.client.BaseHttpSender.sendRateLimited(BaseHttpSender.java:415)
	at org.zaproxy.addon.network.internal.client.BaseHttpSender.sendAuthenticated(BaseHttpSender.java:383)
	at org.zaproxy.addon.network.internal.client.BaseHttpSender.sendNoRedirections(BaseHttpSender.java:351)
	at org.zaproxy.addon.network.internal.client.BaseHttpSender.send(BaseHttpSender.java:307)
	at org.zaproxy.addon.network.internal.client.BaseHttpSender.sendAndReceive(BaseHttpSender.java:278)
	at org.zaproxy.addon.network.internal.client.BaseHttpSender.sendAndReceive(BaseHttpSender.java:234)
	at org.parosproxy.paros.network.HttpSender.sendImpl(HttpSender.java:536)
	at org.parosproxy.paros.network.HttpSender.sendAndReceive(HttpSender.java:529)
	at org.parosproxy.paros.core.scanner.AbstractPlugin.sendMessageImpl(AbstractPlugin.java:344)
	at org.parosproxy.paros.core.scanner.AbstractPlugin.sendAndReceive(AbstractPlugin.java:331)
	at org.parosproxy.paros.core.scanner.AbstractPlugin.sendAndReceive(AbstractPlugin.java:265)
	at org.parosproxy.paros.core.scanner.AbstractPlugin.sendAndReceive(AbstractPlugin.java:238)
	at org.zaproxy.zap.extension.ascanrules.Spring4ShellScanRule.isVulnerable(Spring4ShellScanRule.java:129)
	at org.zaproxy.zap.extension.ascanrules.Spring4ShellScanRule.scan(Spring4ShellScanRule.java:160)
	at org.parosproxy.paros.core.scanner.AbstractPlugin.run(AbstractPlugin.java:402)
	at java.base/java.lang.Thread.run(Thread.java:1474)
71513 [ZAP-ActiveScanner-0] WARN  org.zaproxy.zap.extension.ascanrules.Spring4ShellScanRule - No route to host (connect failed)
java.net.NoRouteToHostException: No route to host (connect failed)
	at java.base/sun.nio.ch.Net.pollConnect(Native Method)
	at java.base/sun.nio.ch.Net.pollConnectNow(Net.java:639)
	at java.base/sun.nio.ch.NioSocketImpl.timedFinishConnect(NioSocketImpl.java:550)
	at java.base/sun.nio.ch.NioSocketImpl.connect(NioSocketImpl.java:594)
	at java.base/java.net.SocksSocketImpl.connect(SocksSocketImpl.java:284)
	at java.base/java.net.Socket.connect(Socket.java:659)
	at org.apache.hc.client5.http.socket.PlainConnectionSocketFactory.lambda$connectSocket$0(PlainConnectionSocketFactory.java:85)
	at java.base/java.security.AccessController.doPrivileged(AccessController.java:251)
	at org.apache.hc.client5.http.socket.PlainConnectionSocketFactory.connectSocket(PlainConnectionSocketFactory.java:84)
	at org.apache.hc.client5.http.socket.ConnectionSocketFactory.connectSocket(ConnectionSocketFactory.java:113)
	at org.apache.hc.client5.http.impl.io.DefaultHttpClientConnectionOperator.connect(DefaultHttpClientConnectionOperator.java:181)
	at org.apache.hc.client5.http.impl.io.ZapHttpClientConnectionOperator.connect(ZapHttpClientConnectionOperator.java:95)
	at org.apache.hc.client5.http.impl.io.PoolingHttpClientConnectionManager.connect(PoolingHttpClientConnectionManager.java:447)
	at org.apache.hc.client5.http.impl.classic.InternalExecRuntime.connectEndpoint(InternalExecRuntime.java:162)
	at org.apache.hc.client5.http.impl.classic.InternalExecRuntime.connectEndpoint(InternalExecRuntime.java:172)
	at org.apache.hc.client5.http.impl.classic.ConnectExec.execute(ConnectExec.java:142)
	at org.apache.hc.client5.http.impl.classic.ExecChainElement.execute(ExecChainElement.java:51)
	at org.apache.hc.client5.http.impl.classic.ZapProtocolExec.execute(ZapProtocolExec.java:179)
	at org.apache.hc.client5.http.impl.classic.ExecChainElement.execute(ExecChainElement.java:51)
	at org.apache.hc.client5.http.impl.classic.ZapHttpRequestRetryExec.execute(ZapHttpRequestRetryExec.java:81)
	at org.apache.hc.client5.http.impl.classic.ExecChainElement.execute(ExecChainElement.java:51)
	at org.apache.hc.client5.http.impl.classic.ZapInternalHttpClient.doExecute(ZapInternalHttpClient.java:173)
	at org.apache.hc.client5.http.impl.classic.CloseableHttpClient.execute(CloseableHttpClient.java:245)
	at org.apache.hc.client5.http.impl.classic.CloseableHttpClient.execute(CloseableHttpClient.java:188)
	at org.zaproxy.addon.network.internal.client.apachev5.HttpSenderApache.sendImpl0(HttpSenderApache.java:486)
	at org.zaproxy.addon.network.internal.client.apachev5.HttpSenderApache.sendImpl(HttpSenderApache.java:365)
	at org.zaproxy.addon.network.internal.client.apachev5.HttpSenderApache.sendImpl(HttpSenderApache.java:116)
	at org.zaproxy.addon.network.internal.client.BaseHttpSender.sendRateLimited(BaseHttpSender.java:415)
	at org.zaproxy.addon.network.internal.client.BaseHttpSender.sendAuthenticated(BaseHttpSender.java:383)
	at org.zaproxy.addon.network.internal.client.BaseHttpSender.sendNoRedirections(BaseHttpSender.java:351)
	at org.zaproxy.addon.network.internal.client.BaseHttpSender.send(BaseHttpSender.java:307)
	at org.zaproxy.addon.network.internal.client.BaseHttpSender.sendAndReceive(BaseHttpSender.java:278)
	at org.zaproxy.addon.network.internal.client.BaseHttpSender.sendAndReceive(BaseHttpSender.java:234)
	at org.parosproxy.paros.network.HttpSender.sendImpl(HttpSender.java:536)
	at org.parosproxy.paros.network.HttpSender.sendAndReceive(HttpSender.java:529)
	at org.parosproxy.paros.core.scanner.AbstractPlugin.sendMessageImpl(AbstractPlugin.java:344)
	at org.parosproxy.paros.core.scanner.AbstractPlugin.sendAndReceive(AbstractPlugin.java:331)
	at org.parosproxy.paros.core.scanner.AbstractPlugin.sendAndReceive(AbstractPlugin.java:265)
	at org.parosproxy.paros.core.scanner.AbstractPlugin.sendAndReceive(AbstractPlugin.java:238)
	at org.zaproxy.zap.extension.ascanrules.Spring4ShellScanRule.isVulnerable(Spring4ShellScanRule.java:129)
	at org.zaproxy.zap.extension.ascanrules.Spring4ShellScanRule.scan(Spring4ShellScanRule.java:160)
	at org.parosproxy.paros.core.scanner.AbstractPlugin.run(AbstractPlugin.java:402)
	at java.base/java.lang.Thread.run(Thread.java:1474)
71514 [ZAP-ActiveScanner-2] WARN  org.zaproxy.zap.extension.ascanrules.Spring4ShellScanRule - No route to host (connect failed)
java.net.NoRouteToHostException: No route to host (connect failed)
	at java.base/sun.nio.ch.Net.pollConnect(Native Method)
	at java.base/sun.nio.ch.Net.pollConnectNow(Net.java:639)
	at java.base/sun.nio.ch.NioSocketImpl.timedFinishConnect(NioSocketImpl.java:550)
	at java.base/sun.nio.ch.NioSocketImpl.connect(NioSocketImpl.java:594)
	at java.base/java.net.SocksSocketImpl.connect(SocksSocketImpl.java:284)
	at java.base/java.net.Socket.connect(Socket.java:659)
	at org.apache.hc.client5.http.socket.PlainConnectionSocketFactory.lambda$connectSocket$0(PlainConnectionSocketFactory.java:85)
	at java.base/java.security.AccessController.doPrivileged(AccessController.java:251)
	at org.apache.hc.client5.http.socket.PlainConnectionSocketFactory.connectSocket(PlainConnectionSocketFactory.java:84)
	at org.apache.hc.client5.http.socket.ConnectionSocketFactory.connectSocket(ConnectionSocketFactory.java:113)
	at org.apache.hc.client5.http.impl.io.DefaultHttpClientConnectionOperator.connect(DefaultHttpClientConnectionOperator.java:181)
	at org.apache.hc.client5.http.impl.io.ZapHttpClientConnectionOperator.connect(ZapHttpClientConnectionOperator.java:95)
	at org.apache.hc.client5.http.impl.io.PoolingHttpClientConnectionManager.connect(PoolingHttpClientConnectionManager.java:447)
	at org.apache.hc.client5.http.impl.classic.InternalExecRuntime.connectEndpoint(InternalExecRuntime.java:162)
	at org.apache.hc.client5.http.impl.classic.InternalExecRuntime.connectEndpoint(InternalExecRuntime.java:172)
	at org.apache.hc.client5.http.impl.classic.ConnectExec.execute(ConnectExec.java:142)
	at org.apache.hc.client5.http.impl.classic.ExecChainElement.execute(ExecChainElement.java:51)
	at org.apache.hc.client5.http.impl.classic.ZapProtocolExec.execute(ZapProtocolExec.java:179)
	at org.apache.hc.client5.http.impl.classic.ExecChainElement.execute(ExecChainElement.java:51)
	at org.apache.hc.client5.http.impl.classic.ZapHttpRequestRetryExec.execute(ZapHttpRequestRetryExec.java:81)
	at org.apache.hc.client5.http.impl.classic.ExecChainElement.execute(ExecChainElement.java:51)
	at org.apache.hc.client5.http.impl.classic.ZapInternalHttpClient.doExecute(ZapInternalHttpClient.java:173)
	at org.apache.hc.client5.http.impl.classic.CloseableHttpClient.execute(CloseableHttpClient.java:245)
	at org.apache.hc.client5.http.impl.classic.CloseableHttpClient.execute(CloseableHttpClient.java:188)
	at org.zaproxy.addon.network.internal.client.apachev5.HttpSenderApache.sendImpl0(HttpSenderApache.java:486)
	at org.zaproxy.addon.network.internal.client.apachev5.HttpSenderApache.sendImpl(HttpSenderApache.java:365)
	at org.zaproxy.addon.network.internal.client.apachev5.HttpSenderApache.sendImpl(HttpSenderApache.java:116)
	at org.zaproxy.addon.network.internal.client.BaseHttpSender.sendRateLimited(BaseHttpSender.java:415)
	at org.zaproxy.addon.network.internal.client.BaseHttpSender.sendAuthenticated(BaseHttpSender.java:383)
	at org.zaproxy.addon.network.internal.client.BaseHttpSender.sendNoRedirections(BaseHttpSender.java:351)
	at org.zaproxy.addon.network.internal.client.BaseHttpSender.send(BaseHttpSender.java:307)
	at org.zaproxy.addon.network.internal.client.BaseHttpSender.sendAndReceive(BaseHttpSender.java:278)
	at org.zaproxy.addon.network.internal.client.BaseHttpSender.sendAndReceive(BaseHttpSender.java:234)
	at org.parosproxy.paros.network.HttpSender.sendImpl(HttpSender.java:536)
	at org.parosproxy.paros.network.HttpSender.sendAndReceive(HttpSender.java:529)
	at org.parosproxy.paros.core.scanner.AbstractPlugin.sendMessageImpl(AbstractPlugin.java:344)
	at org.parosproxy.paros.core.scanner.AbstractPlugin.sendAndReceive(AbstractPlugin.java:331)
	at org.parosproxy.paros.core.scanner.AbstractPlugin.sendAndReceive(AbstractPlugin.java:265)
	at org.parosproxy.paros.core.scanner.AbstractPlugin.sendAndReceive(AbstractPlugin.java:238)
	at org.zaproxy.zap.extension.ascanrules.Spring4ShellScanRule.isVulnerable(Spring4ShellScanRule.java:129)
	at org.zaproxy.zap.extension.ascanrules.Spring4ShellScanRule.scan(Spring4ShellScanRule.java:160)
	at org.parosproxy.paros.core.scanner.AbstractPlugin.run(AbstractPlugin.java:402)
	at java.base/java.lang.Thread.run(Thread.java:1474)
71514 [ZAP-Scanner-0] INFO  org.parosproxy.paros.core.scanner.HostProcess - completed host/plugin http://192.168.1.1 | Spring4ShellScanRule in 22.466s with 0 message(s) sent and 0 alert(s) raised.
71515 [ZAP-Scanner-0] INFO  org.parosproxy.paros.core.scanner.HostProcess - start host http://192.168.1.1 | React2ShellScanRule strength MEDIUM threshold MEDIUM
71516 [ZAP-Scanner-0] INFO  org.parosproxy.paros.core.scanner.HostProcess - start host http://192.168.1.1 | CodeInjectionScanRule strength MEDIUM threshold MEDIUM
74586 [ZAP-ActiveScanner-0] INFO  org.parosproxy.paros.core.scanner.HostProcess - completed host/plugin http://192.168.1.1 | React2ShellScanRule in 3.071s with 0 message(s) sent and 0 alert(s) raised.
74593 [ZAP-Scanner-0] INFO  org.parosproxy.paros.core.scanner.HostProcess - completed host/plugin http://192.168.1.1 | CodeInjectionScanRule in 3.077s with 0 message(s) sent and 0 alert(s) raised.
74594 [ZAP-Scanner-0] INFO  org.parosproxy.paros.core.scanner.HostProcess - start host http://192.168.1.1 | CommandInjectionScanRule strength MEDIUM threshold MEDIUM
74602 [ZAP-Scanner-0] INFO  org.parosproxy.paros.core.scanner.HostProcess - completed host/plugin http://192.168.1.1 | CommandInjectionScanRule in 0.008s with 0 message(s) sent and 0 alert(s) raised.
74603 [ZAP-Scanner-0] INFO  org.parosproxy.paros.core.scanner.HostProcess - start host http://192.168.1.1 | XpathInjectionScanRule strength MEDIUM threshold MEDIUM
74607 [ZAP-Scanner-0] INFO  org.parosproxy.paros.core.scanner.HostProcess - completed host/plugin http://192.168.1.1 | XpathInjectionScanRule in 0.004s with 0 message(s) sent and 0 alert(s) raised.
74607 [ZAP-Scanner-0] INFO  org.parosproxy.paros.core.scanner.HostProcess - start host http://192.168.1.1 | XxeScanRule strength MEDIUM threshold MEDIUM
74611 [ZAP-Scanner-0] INFO  org.parosproxy.paros.core.scanner.HostProcess - completed host/plugin http://192.168.1.1 | XxeScanRule in 0.004s with 0 message(s) sent and 0 alert(s) raised.
74611 [ZAP-Scanner-0] INFO  org.parosproxy.paros.core.scanner.HostProcess - start host http://192.168.1.1 | PaddingOracleScanRule strength MEDIUM threshold MEDIUM
74616 [ZAP-Scanner-0] INFO  org.parosproxy.paros.core.scanner.HostProcess - completed host/plugin http://192.168.1.1 | PaddingOracleScanRule in 0.005s with 0 message(s) sent and 0 alert(s) raised.
74616 [ZAP-Scanner-0] INFO  org.parosproxy.paros.core.scanner.HostProcess - start host http://192.168.1.1 | CloudMetadataScanRule strength MEDIUM threshold MEDIUM
74617 [ZAP-Scanner-0] INFO  org.parosproxy.paros.core.scanner.HostProcess - start host http://192.168.1.1 | SstiScanRule strength MEDIUM threshold MEDIUM
77690 [ZAP-ActiveScanner-0] WARN  org.zaproxy.zap.extension.ascanrules.CloudMetadataScanRule - Error sending request to 169.254.169.254: No route to host (connect failed)
java.net.NoRouteToHostException: No route to host (connect failed)
	at java.base/sun.nio.ch.Net.pollConnect(Native Method)
	at java.base/sun.nio.ch.Net.pollConnectNow(Net.java:639)
	at java.base/sun.nio.ch.NioSocketImpl.timedFinishConnect(NioSocketImpl.java:550)
	at java.base/sun.nio.ch.NioSocketImpl.connect(NioSocketImpl.java:594)
	at java.base/java.net.SocksSocketImpl.connect(SocksSocketImpl.java:284)
	at java.base/java.net.Socket.connect(Socket.java:659)
	at org.apache.hc.client5.http.socket.PlainConnectionSocketFactory.lambda$connectSocket$0(PlainConnectionSocketFactory.java:85)
	at java.base/java.security.AccessController.doPrivileged(AccessController.java:251)
	at org.apache.hc.client5.http.socket.PlainConnectionSocketFactory.connectSocket(PlainConnectionSocketFactory.java:84)
	at org.apache.hc.client5.http.socket.ConnectionSocketFactory.connectSocket(ConnectionSocketFactory.java:113)
	at org.apache.hc.client5.http.impl.io.DefaultHttpClientConnectionOperator.connect(DefaultHttpClientConnectionOperator.java:181)
	at org.apache.hc.client5.http.impl.io.ZapHttpClientConnectionOperator.connect(ZapHttpClientConnectionOperator.java:95)
	at org.apache.hc.client5.http.impl.io.PoolingHttpClientConnectionManager.connect(PoolingHttpClientConnectionManager.java:447)
	at org.apache.hc.client5.http.impl.classic.InternalExecRuntime.connectEndpoint(InternalExecRuntime.java:162)
	at org.apache.hc.client5.http.impl.classic.InternalExecRuntime.connectEndpoint(InternalExecRuntime.java:172)
	at org.apache.hc.client5.http.impl.classic.ConnectExec.execute(ConnectExec.java:142)
	at org.apache.hc.client5.http.impl.classic.ExecChainElement.execute(ExecChainElement.java:51)
	at org.apache.hc.client5.http.impl.classic.ZapProtocolExec.execute(ZapProtocolExec.java:179)
	at org.apache.hc.client5.http.impl.classic.ExecChainElement.execute(ExecChainElement.java:51)
	at org.apache.hc.client5.http.impl.classic.ZapHttpRequestRetryExec.execute(ZapHttpRequestRetryExec.java:81)
	at org.apache.hc.client5.http.impl.classic.ExecChainElement.execute(ExecChainElement.java:51)
	at org.apache.hc.client5.http.impl.classic.ZapInternalHttpClient.doExecute(ZapInternalHttpClient.java:173)
	at org.apache.hc.client5.http.impl.classic.CloseableHttpClient.execute(CloseableHttpClient.java:245)
	at org.apache.hc.client5.http.impl.classic.CloseableHttpClient.execute(CloseableHttpClient.java:188)
	at org.zaproxy.addon.network.internal.client.apachev5.HttpSenderApache.sendImpl0(HttpSenderApache.java:486)
	at org.zaproxy.addon.network.internal.client.apachev5.HttpSenderApache.sendImpl(HttpSenderApache.java:365)
	at org.zaproxy.addon.network.internal.client.apachev5.HttpSenderApache.sendImpl(HttpSenderApache.java:116)
	at org.zaproxy.addon.network.internal.client.BaseHttpSender.sendRateLimited(BaseHttpSender.java:415)
	at org.zaproxy.addon.network.internal.client.BaseHttpSender.sendAuthenticated(BaseHttpSender.java:383)
	at org.zaproxy.addon.network.internal.client.BaseHttpSender.sendNoRedirections(BaseHttpSender.java:351)
	at org.zaproxy.addon.network.internal.client.BaseHttpSender.send(BaseHttpSender.java:307)
	at org.zaproxy.addon.network.internal.client.BaseHttpSender.sendAndReceive(BaseHttpSender.java:278)
	at org.zaproxy.addon.network.internal.client.BaseHttpSender.sendAndReceive(BaseHttpSender.java:234)
	at org.parosproxy.paros.network.HttpSender.sendImpl(HttpSender.java:536)
	at org.parosproxy.paros.network.HttpSender.sendAndReceive(HttpSender.java:368)
	at org.parosproxy.paros.core.scanner.AbstractPlugin.sendMessageImpl(AbstractPlugin.java:346)
	at org.parosproxy.paros.core.scanner.AbstractPlugin.sendAndReceive(AbstractPlugin.java:331)
	at org.parosproxy.paros.core.scanner.AbstractPlugin.sendAndReceive(AbstractPlugin.java:265)
	at org.zaproxy.zap.extension.ascanrules.CloudMetadataScanRule.scan(CloudMetadataScanRule.java:255)
	at org.parosproxy.paros.core.scanner.AbstractPlugin.run(AbstractPlugin.java:402)
	at java.base/java.lang.Thread.run(Thread.java:1474)
80761 [ZAP-ActiveScanner-0] WARN  org.zaproxy.zap.extension.ascanrules.CloudMetadataScanRule - Error sending request to aws.zaproxy.org: No route to host (connect failed)
java.net.NoRouteToHostException: No route to host (connect failed)
	at java.base/sun.nio.ch.Net.pollConnect(Native Method)
	at java.base/sun.nio.ch.Net.pollConnectNow(Net.java:639)
	at java.base/sun.nio.ch.NioSocketImpl.timedFinishConnect(NioSocketImpl.java:550)
	at java.base/sun.nio.ch.NioSocketImpl.connect(NioSocketImpl.java:594)
	at java.base/java.net.SocksSocketImpl.connect(SocksSocketImpl.java:284)
	at java.base/java.net.Socket.connect(Socket.java:659)
	at org.apache.hc.client5.http.socket.PlainConnectionSocketFactory.lambda$connectSocket$0(PlainConnectionSocketFactory.java:85)
	at java.base/java.security.AccessController.doPrivileged(AccessController.java:251)
	at org.apache.hc.client5.http.socket.PlainConnectionSocketFactory.connectSocket(PlainConnectionSocketFactory.java:84)
	at org.apache.hc.client5.http.socket.ConnectionSocketFactory.connectSocket(ConnectionSocketFactory.java:113)
	at org.apache.hc.client5.http.impl.io.DefaultHttpClientConnectionOperator.connect(DefaultHttpClientConnectionOperator.java:181)
	at org.apache.hc.client5.http.impl.io.ZapHttpClientConnectionOperator.connect(ZapHttpClientConnectionOperator.java:95)
	at org.apache.hc.client5.http.impl.io.PoolingHttpClientConnectionManager.connect(PoolingHttpClientConnectionManager.java:447)
	at org.apache.hc.client5.http.impl.classic.InternalExecRuntime.connectEndpoint(InternalExecRuntime.java:162)
	at org.apache.hc.client5.http.impl.classic.InternalExecRuntime.connectEndpoint(InternalExecRuntime.java:172)
	at org.apache.hc.client5.http.impl.classic.ConnectExec.execute(ConnectExec.java:142)
	at org.apache.hc.client5.http.impl.classic.ExecChainElement.execute(ExecChainElement.java:51)
	at org.apache.hc.client5.http.impl.classic.ZapProtocolExec.execute(ZapProtocolExec.java:179)
	at org.apache.hc.client5.http.impl.classic.ExecChainElement.execute(ExecChainElement.java:51)
	at org.apache.hc.client5.http.impl.classic.ZapHttpRequestRetryExec.execute(ZapHttpRequestRetryExec.java:81)
	at org.apache.hc.client5.http.impl.classic.ExecChainElement.execute(ExecChainElement.java:51)
	at org.apache.hc.client5.http.impl.classic.ZapInternalHttpClient.doExecute(ZapInternalHttpClient.java:173)
	at org.apache.hc.client5.http.impl.classic.CloseableHttpClient.execute(CloseableHttpClient.java:245)
	at org.apache.hc.client5.http.impl.classic.CloseableHttpClient.execute(CloseableHttpClient.java:188)
	at org.zaproxy.addon.network.internal.client.apachev5.HttpSenderApache.sendImpl0(HttpSenderApache.java:486)
	at org.zaproxy.addon.network.internal.client.apachev5.HttpSenderApache.sendImpl(HttpSenderApache.java:365)
	at org.zaproxy.addon.network.internal.client.apachev5.HttpSenderApache.sendImpl(HttpSenderApache.java:116)
	at org.zaproxy.addon.network.internal.client.BaseHttpSender.sendRateLimited(BaseHttpSender.java:415)
	at org.zaproxy.addon.network.internal.client.BaseHttpSender.sendAuthenticated(BaseHttpSender.java:383)
	at org.zaproxy.addon.network.internal.client.BaseHttpSender.sendNoRedirections(BaseHttpSender.java:351)
	at org.zaproxy.addon.network.internal.client.BaseHttpSender.send(BaseHttpSender.java:307)
	at org.zaproxy.addon.network.internal.client.BaseHttpSender.sendAndReceive(BaseHttpSender.java:278)
	at org.zaproxy.addon.network.internal.client.BaseHttpSender.sendAndReceive(BaseHttpSender.java:234)
	at org.parosproxy.paros.network.HttpSender.sendImpl(HttpSender.java:536)
	at org.parosproxy.paros.network.HttpSender.sendAndReceive(HttpSender.java:368)
	at org.parosproxy.paros.core.scanner.AbstractPlugin.sendMessageImpl(AbstractPlugin.java:346)
	at org.parosproxy.paros.core.scanner.AbstractPlugin.sendAndReceive(AbstractPlugin.java:331)
	at org.parosproxy.paros.core.scanner.AbstractPlugin.sendAndReceive(AbstractPlugin.java:265)
	at org.zaproxy.zap.extension.ascanrules.CloudMetadataScanRule.scan(CloudMetadataScanRule.java:255)
	at org.parosproxy.paros.core.scanner.AbstractPlugin.run(AbstractPlugin.java:402)
	at java.base/java.lang.Thread.run(Thread.java:1474)
83832 [ZAP-ActiveScanner-0] WARN  org.zaproxy.zap.extension.ascanrules.CloudMetadataScanRule - Error sending request to 169.254.169.254: No route to host (connect failed)
java.net.NoRouteToHostException: No route to host (connect failed)
	at java.base/sun.nio.ch.Net.pollConnect(Native Method)
	at java.base/sun.nio.ch.Net.pollConnectNow(Net.java:639)
	at java.base/sun.nio.ch.NioSocketImpl.timedFinishConnect(NioSocketImpl.java:550)
	at java.base/sun.nio.ch.NioSocketImpl.connect(NioSocketImpl.java:594)
	at java.base/java.net.SocksSocketImpl.connect(SocksSocketImpl.java:284)
	at java.base/java.net.Socket.connect(Socket.java:659)
	at org.apache.hc.client5.http.socket.PlainConnectionSocketFactory.lambda$connectSocket$0(PlainConnectionSocketFactory.java:85)
	at java.base/java.security.AccessController.doPrivileged(AccessController.java:251)
	at org.apache.hc.client5.http.socket.PlainConnectionSocketFactory.connectSocket(PlainConnectionSocketFactory.java:84)
	at org.apache.hc.client5.http.socket.ConnectionSocketFactory.connectSocket(ConnectionSocketFactory.java:113)
	at org.apache.hc.client5.http.impl.io.DefaultHttpClientConnectionOperator.connect(DefaultHttpClientConnectionOperator.java:181)
	at org.apache.hc.client5.http.impl.io.ZapHttpClientConnectionOperator.connect(ZapHttpClientConnectionOperator.java:95)
	at org.apache.hc.client5.http.impl.io.PoolingHttpClientConnectionManager.connect(PoolingHttpClientConnectionManager.java:447)
	at org.apache.hc.client5.http.impl.classic.InternalExecRuntime.connectEndpoint(InternalExecRuntime.java:162)
	at org.apache.hc.client5.http.impl.classic.InternalExecRuntime.connectEndpoint(InternalExecRuntime.java:172)
	at org.apache.hc.client5.http.impl.classic.ConnectExec.execute(ConnectExec.java:142)
	at org.apache.hc.client5.http.impl.classic.ExecChainElement.execute(ExecChainElement.java:51)
	at org.apache.hc.client5.http.impl.classic.ZapProtocolExec.execute(ZapProtocolExec.java:179)
	at org.apache.hc.client5.http.impl.classic.ExecChainElement.execute(ExecChainElement.java:51)
	at org.apache.hc.client5.http.impl.classic.ZapHttpRequestRetryExec.execute(ZapHttpRequestRetryExec.java:81)
	at org.apache.hc.client5.http.impl.classic.ExecChainElement.execute(ExecChainElement.java:51)
	at org.apache.hc.client5.http.impl.classic.ZapInternalHttpClient.doExecute(ZapInternalHttpClient.java:173)
	at org.apache.hc.client5.http.impl.classic.CloseableHttpClient.execute(CloseableHttpClient.java:245)
	at org.apache.hc.client5.http.impl.classic.CloseableHttpClient.execute(CloseableHttpClient.java:188)
	at org.zaproxy.addon.network.internal.client.apachev5.HttpSenderApache.sendImpl0(HttpSenderApache.java:486)
	at org.zaproxy.addon.network.internal.client.apachev5.HttpSenderApache.sendImpl(HttpSenderApache.java:365)
	at org.zaproxy.addon.network.internal.client.apachev5.HttpSenderApache.sendImpl(HttpSenderApache.java:116)
	at org.zaproxy.addon.network.internal.client.BaseHttpSender.sendRateLimited(BaseHttpSender.java:415)
	at org.zaproxy.addon.network.internal.client.BaseHttpSender.sendAuthenticated(BaseHttpSender.java:383)
	at org.zaproxy.addon.network.internal.client.BaseHttpSender.sendNoRedirections(BaseHttpSender.java:351)
	at org.zaproxy.addon.network.internal.client.BaseHttpSender.send(BaseHttpSender.java:307)
	at org.zaproxy.addon.network.internal.client.BaseHttpSender.sendAndReceive(BaseHttpSender.java:278)
	at org.zaproxy.addon.network.internal.client.BaseHttpSender.sendAndReceive(BaseHttpSender.java:234)
	at org.parosproxy.paros.network.HttpSender.sendImpl(HttpSender.java:536)
	at org.parosproxy.paros.network.HttpSender.sendAndReceive(HttpSender.java:368)
	at org.parosproxy.paros.core.scanner.AbstractPlugin.sendMessageImpl(AbstractPlugin.java:346)
	at org.parosproxy.paros.core.scanner.AbstractPlugin.sendAndReceive(AbstractPlugin.java:331)
	at org.parosproxy.paros.core.scanner.AbstractPlugin.sendAndReceive(AbstractPlugin.java:265)
	at org.zaproxy.zap.extension.ascanrules.CloudMetadataScanRule.scan(CloudMetadataScanRule.java:255)
	at org.parosproxy.paros.core.scanner.AbstractPlugin.run(AbstractPlugin.java:402)
	at java.base/java.lang.Thread.run(Thread.java:1474)
86905 [ZAP-ActiveScanner-0] WARN  org.zaproxy.zap.extension.ascanrules.CloudMetadataScanRule - Error sending request to metadata.google.internal: No route to host (connect failed)
java.net.NoRouteToHostException: No route to host (connect failed)
	at java.base/sun.nio.ch.Net.pollConnect(Native Method)
	at java.base/sun.nio.ch.Net.pollConnectNow(Net.java:639)
	at java.base/sun.nio.ch.NioSocketImpl.timedFinishConnect(NioSocketImpl.java:550)
	at java.base/sun.nio.ch.NioSocketImpl.connect(NioSocketImpl.java:594)
	at java.base/java.net.SocksSocketImpl.connect(SocksSocketImpl.java:284)
	at java.base/java.net.Socket.connect(Socket.java:659)
	at org.apache.hc.client5.http.socket.PlainConnectionSocketFactory.lambda$connectSocket$0(PlainConnectionSocketFactory.java:85)
	at java.base/java.security.AccessController.doPrivileged(AccessController.java:251)
	at org.apache.hc.client5.http.socket.PlainConnectionSocketFactory.connectSocket(PlainConnectionSocketFactory.java:84)
	at org.apache.hc.client5.http.socket.ConnectionSocketFactory.connectSocket(ConnectionSocketFactory.java:113)
	at org.apache.hc.client5.http.impl.io.DefaultHttpClientConnectionOperator.connect(DefaultHttpClientConnectionOperator.java:181)
	at org.apache.hc.client5.http.impl.io.ZapHttpClientConnectionOperator.connect(ZapHttpClientConnectionOperator.java:95)
	at org.apache.hc.client5.http.impl.io.PoolingHttpClientConnectionManager.connect(PoolingHttpClientConnectionManager.java:447)
	at org.apache.hc.client5.http.impl.classic.InternalExecRuntime.connectEndpoint(InternalExecRuntime.java:162)
	at org.apache.hc.client5.http.impl.classic.InternalExecRuntime.connectEndpoint(InternalExecRuntime.java:172)
	at org.apache.hc.client5.http.impl.classic.ConnectExec.execute(ConnectExec.java:142)
	at org.apache.hc.client5.http.impl.classic.ExecChainElement.execute(ExecChainElement.java:51)
	at org.apache.hc.client5.http.impl.classic.ZapProtocolExec.execute(ZapProtocolExec.java:179)
	at org.apache.hc.client5.http.impl.classic.ExecChainElement.execute(ExecChainElement.java:51)
	at org.apache.hc.client5.http.impl.classic.ZapHttpRequestRetryExec.execute(ZapHttpRequestRetryExec.java:81)
	at org.apache.hc.client5.http.impl.classic.ExecChainElement.execute(ExecChainElement.java:51)
	at org.apache.hc.client5.http.impl.classic.ZapInternalHttpClient.doExecute(ZapInternalHttpClient.java:173)
	at org.apache.hc.client5.http.impl.classic.CloseableHttpClient.execute(CloseableHttpClient.java:245)
	at org.apache.hc.client5.http.impl.classic.CloseableHttpClient.execute(CloseableHttpClient.java:188)
	at org.zaproxy.addon.network.internal.client.apachev5.HttpSenderApache.sendImpl0(HttpSenderApache.java:486)
	at org.zaproxy.addon.network.internal.client.apachev5.HttpSenderApache.sendImpl(HttpSenderApache.java:365)
	at org.zaproxy.addon.network.internal.client.apachev5.HttpSenderApache.sendImpl(HttpSenderApache.java:116)
	at org.zaproxy.addon.network.internal.client.BaseHttpSender.sendRateLimited(BaseHttpSender.java:415)
	at org.zaproxy.addon.network.internal.client.BaseHttpSender.sendAuthenticated(BaseHttpSender.java:383)
	at org.zaproxy.addon.network.internal.client.BaseHttpSender.sendNoRedirections(BaseHttpSender.java:351)
	at org.zaproxy.addon.network.internal.client.BaseHttpSender.send(BaseHttpSender.java:307)
	at org.zaproxy.addon.network.internal.client.BaseHttpSender.sendAndReceive(BaseHttpSender.java:278)
	at org.zaproxy.addon.network.internal.client.BaseHttpSender.sendAndReceive(BaseHttpSender.java:234)
	at org.parosproxy.paros.network.HttpSender.sendImpl(HttpSender.java:536)
	at org.parosproxy.paros.network.HttpSender.sendAndReceive(HttpSender.java:368)
	at org.parosproxy.paros.core.scanner.AbstractPlugin.sendMessageImpl(AbstractPlugin.java:346)
	at org.parosproxy.paros.core.scanner.AbstractPlugin.sendAndReceive(AbstractPlugin.java:331)
	at org.parosproxy.paros.core.scanner.AbstractPlugin.sendAndReceive(AbstractPlugin.java:265)
	at org.zaproxy.zap.extension.ascanrules.CloudMetadataScanRule.scan(CloudMetadataScanRule.java:255)
	at org.parosproxy.paros.core.scanner.AbstractPlugin.run(AbstractPlugin.java:402)
	at java.base/java.lang.Thread.run(Thread.java:1474)
89977 [ZAP-ActiveScanner-0] WARN  org.zaproxy.zap.extension.ascanrules.CloudMetadataScanRule - Error sending request to 169.254.169.254: No route to host (connect failed)
java.net.NoRouteToHostException: No route to host (connect failed)
	at java.base/sun.nio.ch.Net.pollConnect(Native Method)
	at java.base/sun.nio.ch.Net.pollConnectNow(Net.java:639)
	at java.base/sun.nio.ch.NioSocketImpl.timedFinishConnect(NioSocketImpl.java:550)
	at java.base/sun.nio.ch.NioSocketImpl.connect(NioSocketImpl.java:594)
	at java.base/java.net.SocksSocketImpl.connect(SocksSocketImpl.java:284)
	at java.base/java.net.Socket.connect(Socket.java:659)
	at org.apache.hc.client5.http.socket.PlainConnectionSocketFactory.lambda$connectSocket$0(PlainConnectionSocketFactory.java:85)
	at java.base/java.security.AccessController.doPrivileged(AccessController.java:251)
	at org.apache.hc.client5.http.socket.PlainConnectionSocketFactory.connectSocket(PlainConnectionSocketFactory.java:84)
	at org.apache.hc.client5.http.socket.ConnectionSocketFactory.connectSocket(ConnectionSocketFactory.java:113)
	at org.apache.hc.client5.http.impl.io.DefaultHttpClientConnectionOperator.connect(DefaultHttpClientConnectionOperator.java:181)
	at org.apache.hc.client5.http.impl.io.ZapHttpClientConnectionOperator.connect(ZapHttpClientConnectionOperator.java:95)
	at org.apache.hc.client5.http.impl.io.PoolingHttpClientConnectionManager.connect(PoolingHttpClientConnectionManager.java:447)
	at org.apache.hc.client5.http.impl.classic.InternalExecRuntime.connectEndpoint(InternalExecRuntime.java:162)
	at org.apache.hc.client5.http.impl.classic.InternalExecRuntime.connectEndpoint(InternalExecRuntime.java:172)
	at org.apache.hc.client5.http.impl.classic.ConnectExec.execute(ConnectExec.java:142)
	at org.apache.hc.client5.http.impl.classic.ExecChainElement.execute(ExecChainElement.java:51)
	at org.apache.hc.client5.http.impl.classic.ZapProtocolExec.execute(ZapProtocolExec.java:179)
	at org.apache.hc.client5.http.impl.classic.ExecChainElement.execute(ExecChainElement.java:51)
	at org.apache.hc.client5.http.impl.classic.ZapHttpRequestRetryExec.execute(ZapHttpRequestRetryExec.java:81)
	at org.apache.hc.client5.http.impl.classic.ExecChainElement.execute(ExecChainElement.java:51)
	at org.apache.hc.client5.http.impl.classic.ZapInternalHttpClient.doExecute(ZapInternalHttpClient.java:173)
	at org.apache.hc.client5.http.impl.classic.CloseableHttpClient.execute(CloseableHttpClient.java:245)
	at org.apache.hc.client5.http.impl.classic.CloseableHttpClient.execute(CloseableHttpClient.java:188)
	at org.zaproxy.addon.network.internal.client.apachev5.HttpSenderApache.sendImpl0(HttpSenderApache.java:486)
	at org.zaproxy.addon.network.internal.client.apachev5.HttpSenderApache.sendImpl(HttpSenderApache.java:365)
	at org.zaproxy.addon.network.internal.client.apachev5.HttpSenderApache.sendImpl(HttpSenderApache.java:116)
	at org.zaproxy.addon.network.internal.client.BaseHttpSender.sendRateLimited(BaseHttpSender.java:415)
	at org.zaproxy.addon.network.internal.client.BaseHttpSender.sendAuthenticated(BaseHttpSender.java:383)
	at org.zaproxy.addon.network.internal.client.BaseHttpSender.sendNoRedirections(BaseHttpSender.java:351)
	at org.zaproxy.addon.network.internal.client.BaseHttpSender.send(BaseHttpSender.java:307)
	at org.zaproxy.addon.network.internal.client.BaseHttpSender.sendAndReceive(BaseHttpSender.java:278)
	at org.zaproxy.addon.network.internal.client.BaseHttpSender.sendAndReceive(BaseHttpSender.java:234)
	at org.parosproxy.paros.network.HttpSender.sendImpl(HttpSender.java:536)
	at org.parosproxy.paros.network.HttpSender.sendAndReceive(HttpSender.java:368)
	at org.parosproxy.paros.core.scanner.AbstractPlugin.sendMessageImpl(AbstractPlugin.java:346)
	at org.parosproxy.paros.core.scanner.AbstractPlugin.sendAndReceive(AbstractPlugin.java:331)
	at org.parosproxy.paros.core.scanner.AbstractPlugin.sendAndReceive(AbstractPlugin.java:265)
	at org.zaproxy.zap.extension.ascanrules.CloudMetadataScanRule.scan(CloudMetadataScanRule.java:255)
	at org.parosproxy.paros.core.scanner.AbstractPlugin.run(AbstractPlugin.java:402)
	at java.base/java.lang.Thread.run(Thread.java:1474)
93049 [ZAP-ActiveScanner-0] WARN  org.zaproxy.zap.extension.ascanrules.CloudMetadataScanRule - Error sending request to metadata.oraclecloud.com: No route to host (connect failed)
java.net.NoRouteToHostException: No route to host (connect failed)
	at java.base/sun.nio.ch.Net.pollConnect(Native Method)
	at java.base/sun.nio.ch.Net.pollConnectNow(Net.java:639)
	at java.base/sun.nio.ch.NioSocketImpl.timedFinishConnect(NioSocketImpl.java:550)
	at java.base/sun.nio.ch.NioSocketImpl.connect(NioSocketImpl.java:594)
	at java.base/java.net.SocksSocketImpl.connect(SocksSocketImpl.java:284)
	at java.base/java.net.Socket.connect(Socket.java:659)
	at org.apache.hc.client5.http.socket.PlainConnectionSocketFactory.lambda$connectSocket$0(PlainConnectionSocketFactory.java:85)
	at java.base/java.security.AccessController.doPrivileged(AccessController.java:251)
	at org.apache.hc.client5.http.socket.PlainConnectionSocketFactory.connectSocket(PlainConnectionSocketFactory.java:84)
	at org.apache.hc.client5.http.socket.ConnectionSocketFactory.connectSocket(ConnectionSocketFactory.java:113)
	at org.apache.hc.client5.http.impl.io.DefaultHttpClientConnectionOperator.connect(DefaultHttpClientConnectionOperator.java:181)
	at org.apache.hc.client5.http.impl.io.ZapHttpClientConnectionOperator.connect(ZapHttpClientConnectionOperator.java:95)
	at org.apache.hc.client5.http.impl.io.PoolingHttpClientConnectionManager.connect(PoolingHttpClientConnectionManager.java:447)
	at org.apache.hc.client5.http.impl.classic.InternalExecRuntime.connectEndpoint(InternalExecRuntime.java:162)
	at org.apache.hc.client5.http.impl.classic.InternalExecRuntime.connectEndpoint(InternalExecRuntime.java:172)
	at org.apache.hc.client5.http.impl.classic.ConnectExec.execute(ConnectExec.java:142)
	at org.apache.hc.client5.http.impl.classic.ExecChainElement.execute(ExecChainElement.java:51)
	at org.apache.hc.client5.http.impl.classic.ZapProtocolExec.execute(ZapProtocolExec.java:179)
	at org.apache.hc.client5.http.impl.classic.ExecChainElement.execute(ExecChainElement.java:51)
	at org.apache.hc.client5.http.impl.classic.ZapHttpRequestRetryExec.execute(ZapHttpRequestRetryExec.java:81)
	at org.apache.hc.client5.http.impl.classic.ExecChainElement.execute(ExecChainElement.java:51)
	at org.apache.hc.client5.http.impl.classic.ZapInternalHttpClient.doExecute(ZapInternalHttpClient.java:173)
	at org.apache.hc.client5.http.impl.classic.CloseableHttpClient.execute(CloseableHttpClient.java:245)
	at org.apache.hc.client5.http.impl.classic.CloseableHttpClient.execute(CloseableHttpClient.java:188)
	at org.zaproxy.addon.network.internal.client.apachev5.HttpSenderApache.sendImpl0(HttpSenderApache.java:486)
	at org.zaproxy.addon.network.internal.client.apachev5.HttpSenderApache.sendImpl(HttpSenderApache.java:365)
	at org.zaproxy.addon.network.internal.client.apachev5.HttpSenderApache.sendImpl(HttpSenderApache.java:116)
	at org.zaproxy.addon.network.internal.client.BaseHttpSender.sendRateLimited(BaseHttpSender.java:415)
	at org.zaproxy.addon.network.internal.client.BaseHttpSender.sendAuthenticated(BaseHttpSender.java:383)
	at org.zaproxy.addon.network.internal.client.BaseHttpSender.sendNoRedirections(BaseHttpSender.java:351)
	at org.zaproxy.addon.network.internal.client.BaseHttpSender.send(BaseHttpSender.java:307)
	at org.zaproxy.addon.network.internal.client.BaseHttpSender.sendAndReceive(BaseHttpSender.java:278)
	at org.zaproxy.addon.network.internal.client.BaseHttpSender.sendAndReceive(BaseHttpSender.java:234)
	at org.parosproxy.paros.network.HttpSender.sendImpl(HttpSender.java:536)
	at org.parosproxy.paros.network.HttpSender.sendAndReceive(HttpSender.java:368)
	at org.parosproxy.paros.core.scanner.AbstractPlugin.sendMessageImpl(AbstractPlugin.java:346)
	at org.parosproxy.paros.core.scanner.AbstractPlugin.sendAndReceive(AbstractPlugin.java:331)
	at org.parosproxy.paros.core.scanner.AbstractPlugin.sendAndReceive(AbstractPlugin.java:265)
	at org.zaproxy.zap.extension.ascanrules.CloudMetadataScanRule.scan(CloudMetadataScanRule.java:255)
	at org.parosproxy.paros.core.scanner.AbstractPlugin.run(AbstractPlugin.java:402)
	at java.base/java.lang.Thread.run(Thread.java:1474)
96121 [ZAP-ActiveScanner-0] WARN  org.zaproxy.zap.extension.ascanrules.CloudMetadataScanRule - Error sending request to 169.254.169.254: No route to host (connect failed)
java.net.NoRouteToHostException: No route to host (connect failed)
	at java.base/sun.nio.ch.Net.pollConnect(Native Method)
	at java.base/sun.nio.ch.Net.pollConnectNow(Net.java:639)
	at java.base/sun.nio.ch.NioSocketImpl.timedFinishConnect(NioSocketImpl.java:550)
	at java.base/sun.nio.ch.NioSocketImpl.connect(NioSocketImpl.java:594)
	at java.base/java.net.SocksSocketImpl.connect(SocksSocketImpl.java:284)
	at java.base/java.net.Socket.connect(Socket.java:659)
	at org.apache.hc.client5.http.socket.PlainConnectionSocketFactory.lambda$connectSocket$0(PlainConnectionSocketFactory.java:85)
	at java.base/java.security.AccessController.doPrivileged(AccessController.java:251)
	at org.apache.hc.client5.http.socket.PlainConnectionSocketFactory.connectSocket(PlainConnectionSocketFactory.java:84)
	at org.apache.hc.client5.http.socket.ConnectionSocketFactory.connectSocket(ConnectionSocketFactory.java:113)
	at org.apache.hc.client5.http.impl.io.DefaultHttpClientConnectionOperator.connect(DefaultHttpClientConnectionOperator.java:181)
	at org.apache.hc.client5.http.impl.io.ZapHttpClientConnectionOperator.connect(ZapHttpClientConnectionOperator.java:95)
	at org.apache.hc.client5.http.impl.io.PoolingHttpClientConnectionManager.connect(PoolingHttpClientConnectionManager.java:447)
	at org.apache.hc.client5.http.impl.classic.InternalExecRuntime.connectEndpoint(InternalExecRuntime.java:162)
	at org.apache.hc.client5.http.impl.classic.InternalExecRuntime.connectEndpoint(InternalExecRuntime.java:172)
	at org.apache.hc.client5.http.impl.classic.ConnectExec.execute(ConnectExec.java:142)
	at org.apache.hc.client5.http.impl.classic.ExecChainElement.execute(ExecChainElement.java:51)
	at org.apache.hc.client5.http.impl.classic.ZapProtocolExec.execute(ZapProtocolExec.java:179)
	at org.apache.hc.client5.http.impl.classic.ExecChainElement.execute(ExecChainElement.java:51)
	at org.apache.hc.client5.http.impl.classic.ZapHttpRequestRetryExec.execute(ZapHttpRequestRetryExec.java:81)
	at org.apache.hc.client5.http.impl.classic.ExecChainElement.execute(ExecChainElement.java:51)
	at org.apache.hc.client5.http.impl.classic.ZapInternalHttpClient.doExecute(ZapInternalHttpClient.java:173)
	at org.apache.hc.client5.http.impl.classic.CloseableHttpClient.execute(CloseableHttpClient.java:245)
	at org.apache.hc.client5.http.impl.classic.CloseableHttpClient.execute(CloseableHttpClient.java:188)
	at org.zaproxy.addon.network.internal.client.apachev5.HttpSenderApache.sendImpl0(HttpSenderApache.java:486)
	at org.zaproxy.addon.network.internal.client.apachev5.HttpSenderApache.sendImpl(HttpSenderApache.java:365)
	at org.zaproxy.addon.network.internal.client.apachev5.HttpSenderApache.sendImpl(HttpSenderApache.java:116)
	at org.zaproxy.addon.network.internal.client.BaseHttpSender.sendRateLimited(BaseHttpSender.java:415)
	at org.zaproxy.addon.network.internal.client.BaseHttpSender.sendAuthenticated(BaseHttpSender.java:383)
	at org.zaproxy.addon.network.internal.client.BaseHttpSender.sendNoRedirections(BaseHttpSender.java:351)
	at org.zaproxy.addon.network.internal.client.BaseHttpSender.send(BaseHttpSender.java:307)
	at org.zaproxy.addon.network.internal.client.BaseHttpSender.sendAndReceive(BaseHttpSender.java:278)
	at org.zaproxy.addon.network.internal.client.BaseHttpSender.sendAndReceive(BaseHttpSender.java:234)
	at org.parosproxy.paros.network.HttpSender.sendImpl(HttpSender.java:536)
	at org.parosproxy.paros.network.HttpSender.sendAndReceive(HttpSender.java:368)
	at org.parosproxy.paros.core.scanner.AbstractPlugin.sendMessageImpl(AbstractPlugin.java:346)
	at org.parosproxy.paros.core.scanner.AbstractPlugin.sendAndReceive(AbstractPlugin.java:331)
	at org.parosproxy.paros.core.scanner.AbstractPlugin.sendAndReceive(AbstractPlugin.java:265)
	at org.zaproxy.zap.extension.ascanrules.CloudMetadataScanRule.scan(CloudMetadataScanRule.java:255)
	at org.parosproxy.paros.core.scanner.AbstractPlugin.run(AbstractPlugin.java:402)
	at java.base/java.lang.Thread.run(Thread.java:1474)
99193 [ZAP-ActiveScanner-0] WARN  org.zaproxy.zap.extension.ascanrules.CloudMetadataScanRule - Error sending request to metadata.oraclecloud.com: No route to host (connect failed)
java.net.NoRouteToHostException: No route to host (connect failed)
	at java.base/sun.nio.ch.Net.pollConnect(Native Method)
	at java.base/sun.nio.ch.Net.pollConnectNow(Net.java:639)
	at java.base/sun.nio.ch.NioSocketImpl.timedFinishConnect(NioSocketImpl.java:550)
	at java.base/sun.nio.ch.NioSocketImpl.connect(NioSocketImpl.java:594)
	at java.base/java.net.SocksSocketImpl.connect(SocksSocketImpl.java:284)
	at java.base/java.net.Socket.connect(Socket.java:659)
	at org.apache.hc.client5.http.socket.PlainConnectionSocketFactory.lambda$connectSocket$0(PlainConnectionSocketFactory.java:85)
	at java.base/java.security.AccessController.doPrivileged(AccessController.java:251)
	at org.apache.hc.client5.http.socket.PlainConnectionSocketFactory.connectSocket(PlainConnectionSocketFactory.java:84)
	at org.apache.hc.client5.http.socket.ConnectionSocketFactory.connectSocket(ConnectionSocketFactory.java:113)
	at org.apache.hc.client5.http.impl.io.DefaultHttpClientConnectionOperator.connect(DefaultHttpClientConnectionOperator.java:181)
	at org.apache.hc.client5.http.impl.io.ZapHttpClientConnectionOperator.connect(ZapHttpClientConnectionOperator.java:95)
	at org.apache.hc.client5.http.impl.io.PoolingHttpClientConnectionManager.connect(PoolingHttpClientConnectionManager.java:447)
	at org.apache.hc.client5.http.impl.classic.InternalExecRuntime.connectEndpoint(InternalExecRuntime.java:162)
	at org.apache.hc.client5.http.impl.classic.InternalExecRuntime.connectEndpoint(InternalExecRuntime.java:172)
	at org.apache.hc.client5.http.impl.classic.ConnectExec.execute(ConnectExec.java:142)
	at org.apache.hc.client5.http.impl.classic.ExecChainElement.execute(ExecChainElement.java:51)
	at org.apache.hc.client5.http.impl.classic.ZapProtocolExec.execute(ZapProtocolExec.java:179)
	at org.apache.hc.client5.http.impl.classic.ExecChainElement.execute(ExecChainElement.java:51)
	at org.apache.hc.client5.http.impl.classic.ZapHttpRequestRetryExec.execute(ZapHttpRequestRetryExec.java:81)
	at org.apache.hc.client5.http.impl.classic.ExecChainElement.execute(ExecChainElement.java:51)
	at org.apache.hc.client5.http.impl.classic.ZapInternalHttpClient.doExecute(ZapInternalHttpClient.java:173)
	at org.apache.hc.client5.http.impl.classic.CloseableHttpClient.execute(CloseableHttpClient.java:245)
	at org.apache.hc.client5.http.impl.classic.CloseableHttpClient.execute(CloseableHttpClient.java:188)
	at org.zaproxy.addon.network.internal.client.apachev5.HttpSenderApache.sendImpl0(HttpSenderApache.java:486)
	at org.zaproxy.addon.network.internal.client.apachev5.HttpSenderApache.sendImpl(HttpSenderApache.java:365)
	at org.zaproxy.addon.network.internal.client.apachev5.HttpSenderApache.sendImpl(HttpSenderApache.java:116)
	at org.zaproxy.addon.network.internal.client.BaseHttpSender.sendRateLimited(BaseHttpSender.java:415)
	at org.zaproxy.addon.network.internal.client.BaseHttpSender.sendAuthenticated(BaseHttpSender.java:383)
	at org.zaproxy.addon.network.internal.client.BaseHttpSender.sendNoRedirections(BaseHttpSender.java:351)
	at org.zaproxy.addon.network.internal.client.BaseHttpSender.send(BaseHttpSender.java:307)
	at org.zaproxy.addon.network.internal.client.BaseHttpSender.sendAndReceive(BaseHttpSender.java:278)
	at org.zaproxy.addon.network.internal.client.BaseHttpSender.sendAndReceive(BaseHttpSender.java:234)
	at org.parosproxy.paros.network.HttpSender.sendImpl(HttpSender.java:536)
	at org.parosproxy.paros.network.HttpSender.sendAndReceive(HttpSender.java:368)
	at org.parosproxy.paros.core.scanner.AbstractPlugin.sendMessageImpl(AbstractPlugin.java:346)
	at org.parosproxy.paros.core.scanner.AbstractPlugin.sendAndReceive(AbstractPlugin.java:331)
	at org.parosproxy.paros.core.scanner.AbstractPlugin.sendAndReceive(AbstractPlugin.java:265)
	at org.zaproxy.zap.extension.ascanrules.CloudMetadataScanRule.scan(CloudMetadataScanRule.java:255)
	at org.parosproxy.paros.core.scanner.AbstractPlugin.run(AbstractPlugin.java:402)
	at java.base/java.lang.Thread.run(Thread.java:1474)
102268 [ZAP-ActiveScanner-0] WARN  org.zaproxy.zap.extension.ascanrules.CloudMetadataScanRule - Error sending request to 100.100.100.200: No route to host (connect failed)
java.net.NoRouteToHostException: No route to host (connect failed)
	at java.base/sun.nio.ch.Net.pollConnect(Native Method)
	at java.base/sun.nio.ch.Net.pollConnectNow(Net.java:639)
	at java.base/sun.nio.ch.NioSocketImpl.timedFinishConnect(NioSocketImpl.java:550)
	at java.base/sun.nio.ch.NioSocketImpl.connect(NioSocketImpl.java:594)
	at java.base/java.net.SocksSocketImpl.connect(SocksSocketImpl.java:284)
	at java.base/java.net.Socket.connect(Socket.java:659)
	at org.apache.hc.client5.http.socket.PlainConnectionSocketFactory.lambda$connectSocket$0(PlainConnectionSocketFactory.java:85)
	at java.base/java.security.AccessController.doPrivileged(AccessController.java:251)
	at org.apache.hc.client5.http.socket.PlainConnectionSocketFactory.connectSocket(PlainConnectionSocketFactory.java:84)
	at org.apache.hc.client5.http.socket.ConnectionSocketFactory.connectSocket(ConnectionSocketFactory.java:113)
	at org.apache.hc.client5.http.impl.io.DefaultHttpClientConnectionOperator.connect(DefaultHttpClientConnectionOperator.java:181)
	at org.apache.hc.client5.http.impl.io.ZapHttpClientConnectionOperator.connect(ZapHttpClientConnectionOperator.java:95)
	at org.apache.hc.client5.http.impl.io.PoolingHttpClientConnectionManager.connect(PoolingHttpClientConnectionManager.java:447)
	at org.apache.hc.client5.http.impl.classic.InternalExecRuntime.connectEndpoint(InternalExecRuntime.java:162)
	at org.apache.hc.client5.http.impl.classic.InternalExecRuntime.connectEndpoint(InternalExecRuntime.java:172)
	at org.apache.hc.client5.http.impl.classic.ConnectExec.execute(ConnectExec.java:142)
	at org.apache.hc.client5.http.impl.classic.ExecChainElement.execute(ExecChainElement.java:51)
	at org.apache.hc.client5.http.impl.classic.ZapProtocolExec.execute(ZapProtocolExec.java:179)
	at org.apache.hc.client5.http.impl.classic.ExecChainElement.execute(ExecChainElement.java:51)
	at org.apache.hc.client5.http.impl.classic.ZapHttpRequestRetryExec.execute(ZapHttpRequestRetryExec.java:81)
	at org.apache.hc.client5.http.impl.classic.ExecChainElement.execute(ExecChainElement.java:51)
	at org.apache.hc.client5.http.impl.classic.ZapInternalHttpClient.doExecute(ZapInternalHttpClient.java:173)
	at org.apache.hc.client5.http.impl.classic.CloseableHttpClient.execute(CloseableHttpClient.java:245)
	at org.apache.hc.client5.http.impl.classic.CloseableHttpClient.execute(CloseableHttpClient.java:188)
	at org.zaproxy.addon.network.internal.client.apachev5.HttpSenderApache.sendImpl0(HttpSenderApache.java:486)
	at org.zaproxy.addon.network.internal.client.apachev5.HttpSenderApache.sendImpl(HttpSenderApache.java:365)
	at org.zaproxy.addon.network.internal.client.apachev5.HttpSenderApache.sendImpl(HttpSenderApache.java:116)
	at org.zaproxy.addon.network.internal.client.BaseHttpSender.sendRateLimited(BaseHttpSender.java:415)
	at org.zaproxy.addon.network.internal.client.BaseHttpSender.sendAuthenticated(BaseHttpSender.java:383)
	at org.zaproxy.addon.network.internal.client.BaseHttpSender.sendNoRedirections(BaseHttpSender.java:351)
	at org.zaproxy.addon.network.internal.client.BaseHttpSender.send(BaseHttpSender.java:307)
	at org.zaproxy.addon.network.internal.client.BaseHttpSender.sendAndReceive(BaseHttpSender.java:278)
	at org.zaproxy.addon.network.internal.client.BaseHttpSender.sendAndReceive(BaseHttpSender.java:234)
	at org.parosproxy.paros.network.HttpSender.sendImpl(HttpSender.java:536)
	at org.parosproxy.paros.network.HttpSender.sendAndReceive(HttpSender.java:368)
	at org.parosproxy.paros.core.scanner.AbstractPlugin.sendMessageImpl(AbstractPlugin.java:346)
	at org.parosproxy.paros.core.scanner.AbstractPlugin.sendAndReceive(AbstractPlugin.java:331)
	at org.parosproxy.paros.core.scanner.AbstractPlugin.sendAndReceive(AbstractPlugin.java:265)
	at org.zaproxy.zap.extension.ascanrules.CloudMetadataScanRule.scan(CloudMetadataScanRule.java:255)
	at org.parosproxy.paros.core.scanner.AbstractPlugin.run(AbstractPlugin.java:402)
	at java.base/java.lang.Thread.run(Thread.java:1474)
105337 [ZAP-ActiveScanner-0] WARN  org.zaproxy.zap.extension.ascanrules.CloudMetadataScanRule - Error sending request to alibaba.zaproxy.org: No route to host (connect failed)
java.net.NoRouteToHostException: No route to host (connect failed)
	at java.base/sun.nio.ch.Net.pollConnect(Native Method)
	at java.base/sun.nio.ch.Net.pollConnectNow(Net.java:639)
	at java.base/sun.nio.ch.NioSocketImpl.timedFinishConnect(NioSocketImpl.java:550)
	at java.base/sun.nio.ch.NioSocketImpl.connect(NioSocketImpl.java:594)
	at java.base/java.net.SocksSocketImpl.connect(SocksSocketImpl.java:284)
	at java.base/java.net.Socket.connect(Socket.java:659)
	at org.apache.hc.client5.http.socket.PlainConnectionSocketFactory.lambda$connectSocket$0(PlainConnectionSocketFactory.java:85)
	at java.base/java.security.AccessController.doPrivileged(AccessController.java:251)
	at org.apache.hc.client5.http.socket.PlainConnectionSocketFactory.connectSocket(PlainConnectionSocketFactory.java:84)
	at org.apache.hc.client5.http.socket.ConnectionSocketFactory.connectSocket(ConnectionSocketFactory.java:113)
	at org.apache.hc.client5.http.impl.io.DefaultHttpClientConnectionOperator.connect(DefaultHttpClientConnectionOperator.java:181)
	at org.apache.hc.client5.http.impl.io.ZapHttpClientConnectionOperator.connect(ZapHttpClientConnectionOperator.java:95)
	at org.apache.hc.client5.http.impl.io.PoolingHttpClientConnectionManager.connect(PoolingHttpClientConnectionManager.java:447)
	at org.apache.hc.client5.http.impl.classic.InternalExecRuntime.connectEndpoint(InternalExecRuntime.java:162)
	at org.apache.hc.client5.http.impl.classic.InternalExecRuntime.connectEndpoint(InternalExecRuntime.java:172)
	at org.apache.hc.client5.http.impl.classic.ConnectExec.execute(ConnectExec.java:142)
	at org.apache.hc.client5.http.impl.classic.ExecChainElement.execute(ExecChainElement.java:51)
	at org.apache.hc.client5.http.impl.classic.ZapProtocolExec.execute(ZapProtocolExec.java:179)
	at org.apache.hc.client5.http.impl.classic.ExecChainElement.execute(ExecChainElement.java:51)
	at org.apache.hc.client5.http.impl.classic.ZapHttpRequestRetryExec.execute(ZapHttpRequestRetryExec.java:81)
	at org.apache.hc.client5.http.impl.classic.ExecChainElement.execute(ExecChainElement.java:51)
	at org.apache.hc.client5.http.impl.classic.ZapInternalHttpClient.doExecute(ZapInternalHttpClient.java:173)
	at org.apache.hc.client5.http.impl.classic.CloseableHttpClient.execute(CloseableHttpClient.java:245)
	at org.apache.hc.client5.http.impl.classic.CloseableHttpClient.execute(CloseableHttpClient.java:188)
	at org.zaproxy.addon.network.internal.client.apachev5.HttpSenderApache.sendImpl0(HttpSenderApache.java:486)
	at org.zaproxy.addon.network.internal.client.apachev5.HttpSenderApache.sendImpl(HttpSenderApache.java:365)
	at org.zaproxy.addon.network.internal.client.apachev5.HttpSenderApache.sendImpl(HttpSenderApache.java:116)
	at org.zaproxy.addon.network.internal.client.BaseHttpSender.sendRateLimited(BaseHttpSender.java:415)
	at org.zaproxy.addon.network.internal.client.BaseHttpSender.sendAuthenticated(BaseHttpSender.java:383)
	at org.zaproxy.addon.network.internal.client.BaseHttpSender.sendNoRedirections(BaseHttpSender.java:351)
	at org.zaproxy.addon.network.internal.client.BaseHttpSender.send(BaseHttpSender.java:307)
	at org.zaproxy.addon.network.internal.client.BaseHttpSender.sendAndReceive(BaseHttpSender.java:278)
	at org.zaproxy.addon.network.internal.client.BaseHttpSender.sendAndReceive(BaseHttpSender.java:234)
	at org.parosproxy.paros.network.HttpSender.sendImpl(HttpSender.java:536)
	at org.parosproxy.paros.network.HttpSender.sendAndReceive(HttpSender.java:368)
	at org.parosproxy.paros.core.scanner.AbstractPlugin.sendMessageImpl(AbstractPlugin.java:346)
	at org.parosproxy.paros.core.scanner.AbstractPlugin.sendAndReceive(AbstractPlugin.java:331)
	at org.parosproxy.paros.core.scanner.AbstractPlugin.sendAndReceive(AbstractPlugin.java:265)
	at org.zaproxy.zap.extension.ascanrules.CloudMetadataScanRule.scan(CloudMetadataScanRule.java:255)
	at org.parosproxy.paros.core.scanner.AbstractPlugin.run(AbstractPlugin.java:402)
	at java.base/java.lang.Thread.run(Thread.java:1474)
108409 [ZAP-ActiveScanner-0] WARN  org.zaproxy.zap.extension.ascanrules.CloudMetadataScanRule - Error sending request to 169.254.169.254: No route to host (connect failed)
java.net.NoRouteToHostException: No route to host (connect failed)
	at java.base/sun.nio.ch.Net.pollConnect(Native Method)
	at java.base/sun.nio.ch.Net.pollConnectNow(Net.java:639)
	at java.base/sun.nio.ch.NioSocketImpl.timedFinishConnect(NioSocketImpl.java:550)
	at java.base/sun.nio.ch.NioSocketImpl.connect(NioSocketImpl.java:594)
	at java.base/java.net.SocksSocketImpl.connect(SocksSocketImpl.java:284)
	at java.base/java.net.Socket.connect(Socket.java:659)
	at org.apache.hc.client5.http.socket.PlainConnectionSocketFactory.lambda$connectSocket$0(PlainConnectionSocketFactory.java:85)
	at java.base/java.security.AccessController.doPrivileged(AccessController.java:251)
	at org.apache.hc.client5.http.socket.PlainConnectionSocketFactory.connectSocket(PlainConnectionSocketFactory.java:84)
	at org.apache.hc.client5.http.socket.ConnectionSocketFactory.connectSocket(ConnectionSocketFactory.java:113)
	at org.apache.hc.client5.http.impl.io.DefaultHttpClientConnectionOperator.connect(DefaultHttpClientConnectionOperator.java:181)
	at org.apache.hc.client5.http.impl.io.ZapHttpClientConnectionOperator.connect(ZapHttpClientConnectionOperator.java:95)
	at org.apache.hc.client5.http.impl.io.PoolingHttpClientConnectionManager.connect(PoolingHttpClientConnectionManager.java:447)
	at org.apache.hc.client5.http.impl.classic.InternalExecRuntime.connectEndpoint(InternalExecRuntime.java:162)
	at org.apache.hc.client5.http.impl.classic.InternalExecRuntime.connectEndpoint(InternalExecRuntime.java:172)
	at org.apache.hc.client5.http.impl.classic.ConnectExec.execute(ConnectExec.java:142)
	at org.apache.hc.client5.http.impl.classic.ExecChainElement.execute(ExecChainElement.java:51)
	at org.apache.hc.client5.http.impl.classic.ZapProtocolExec.execute(ZapProtocolExec.java:179)
	at org.apache.hc.client5.http.impl.classic.ExecChainElement.execute(ExecChainElement.java:51)
	at org.apache.hc.client5.http.impl.classic.ZapHttpRequestRetryExec.execute(ZapHttpRequestRetryExec.java:81)
	at org.apache.hc.client5.http.impl.classic.ExecChainElement.execute(ExecChainElement.java:51)
	at org.apache.hc.client5.http.impl.classic.ZapInternalHttpClient.doExecute(ZapInternalHttpClient.java:173)
	at org.apache.hc.client5.http.impl.classic.CloseableHttpClient.execute(CloseableHttpClient.java:245)
	at org.apache.hc.client5.http.impl.classic.CloseableHttpClient.execute(CloseableHttpClient.java:188)
	at org.zaproxy.addon.network.internal.client.apachev5.HttpSenderApache.sendImpl0(HttpSenderApache.java:486)
	at org.zaproxy.addon.network.internal.client.apachev5.HttpSenderApache.sendImpl(HttpSenderApache.java:365)
	at org.zaproxy.addon.network.internal.client.apachev5.HttpSenderApache.sendImpl(HttpSenderApache.java:116)
	at org.zaproxy.addon.network.internal.client.BaseHttpSender.sendRateLimited(BaseHttpSender.java:415)
	at org.zaproxy.addon.network.internal.client.BaseHttpSender.sendAuthenticated(BaseHttpSender.java:383)
	at org.zaproxy.addon.network.internal.client.BaseHttpSender.sendNoRedirections(BaseHttpSender.java:351)
	at org.zaproxy.addon.network.internal.client.BaseHttpSender.send(BaseHttpSender.java:307)
	at org.zaproxy.addon.network.internal.client.BaseHttpSender.sendAndReceive(BaseHttpSender.java:278)
	at org.zaproxy.addon.network.internal.client.BaseHttpSender.sendAndReceive(BaseHttpSender.java:234)
	at org.parosproxy.paros.network.HttpSender.sendImpl(HttpSender.java:536)
	at org.parosproxy.paros.network.HttpSender.sendAndReceive(HttpSender.java:368)
	at org.parosproxy.paros.core.scanner.AbstractPlugin.sendMessageImpl(AbstractPlugin.java:346)
	at org.parosproxy.paros.core.scanner.AbstractPlugin.sendAndReceive(AbstractPlugin.java:331)
	at org.parosproxy.paros.core.scanner.AbstractPlugin.sendAndReceive(AbstractPlugin.java:265)
	at org.zaproxy.zap.extension.ascanrules.CloudMetadataScanRule.scan(CloudMetadataScanRule.java:255)
	at org.parosproxy.paros.core.scanner.AbstractPlugin.run(AbstractPlugin.java:402)
	at java.base/java.lang.Thread.run(Thread.java:1474)
111481 [ZAP-ActiveScanner-0] WARN  org.zaproxy.zap.extension.ascanrules.CloudMetadataScanRule - Error sending request to 169.254.169.254: No route to host (connect failed)
java.net.NoRouteToHostException: No route to host (connect failed)
	at java.base/sun.nio.ch.Net.pollConnect(Native Method)
	at java.base/sun.nio.ch.Net.pollConnectNow(Net.java:639)
	at java.base/sun.nio.ch.NioSocketImpl.timedFinishConnect(NioSocketImpl.java:550)
	at java.base/sun.nio.ch.NioSocketImpl.connect(NioSocketImpl.java:594)
	at java.base/java.net.SocksSocketImpl.connect(SocksSocketImpl.java:284)
	at java.base/java.net.Socket.connect(Socket.java:659)
	at org.apache.hc.client5.http.socket.PlainConnectionSocketFactory.lambda$connectSocket$0(PlainConnectionSocketFactory.java:85)
	at java.base/java.security.AccessController.doPrivileged(AccessController.java:251)
	at org.apache.hc.client5.http.socket.PlainConnectionSocketFactory.connectSocket(PlainConnectionSocketFactory.java:84)
	at org.apache.hc.client5.http.socket.ConnectionSocketFactory.connectSocket(ConnectionSocketFactory.java:113)
	at org.apache.hc.client5.http.impl.io.DefaultHttpClientConnectionOperator.connect(DefaultHttpClientConnectionOperator.java:181)
	at org.apache.hc.client5.http.impl.io.ZapHttpClientConnectionOperator.connect(ZapHttpClientConnectionOperator.java:95)
	at org.apache.hc.client5.http.impl.io.PoolingHttpClientConnectionManager.connect(PoolingHttpClientConnectionManager.java:447)
	at org.apache.hc.client5.http.impl.classic.InternalExecRuntime.connectEndpoint(InternalExecRuntime.java:162)
	at org.apache.hc.client5.http.impl.classic.InternalExecRuntime.connectEndpoint(InternalExecRuntime.java:172)
	at org.apache.hc.client5.http.impl.classic.ConnectExec.execute(ConnectExec.java:142)
	at org.apache.hc.client5.http.impl.classic.ExecChainElement.execute(ExecChainElement.java:51)
	at org.apache.hc.client5.http.impl.classic.ZapProtocolExec.execute(ZapProtocolExec.java:179)
	at org.apache.hc.client5.http.impl.classic.ExecChainElement.execute(ExecChainElement.java:51)
	at org.apache.hc.client5.http.impl.classic.ZapHttpRequestRetryExec.execute(ZapHttpRequestRetryExec.java:81)
	at org.apache.hc.client5.http.impl.classic.ExecChainElement.execute(ExecChainElement.java:51)
	at org.apache.hc.client5.http.impl.classic.ZapInternalHttpClient.doExecute(ZapInternalHttpClient.java:173)
	at org.apache.hc.client5.http.impl.classic.CloseableHttpClient.execute(CloseableHttpClient.java:245)
	at org.apache.hc.client5.http.impl.classic.CloseableHttpClient.execute(CloseableHttpClient.java:188)
	at org.zaproxy.addon.network.internal.client.apachev5.HttpSenderApache.sendImpl0(HttpSenderApache.java:486)
	at org.zaproxy.addon.network.internal.client.apachev5.HttpSenderApache.sendImpl(HttpSenderApache.java:365)
	at org.zaproxy.addon.network.internal.client.apachev5.HttpSenderApache.sendImpl(HttpSenderApache.java:116)
	at org.zaproxy.addon.network.internal.client.BaseHttpSender.sendRateLimited(BaseHttpSender.java:415)
	at org.zaproxy.addon.network.internal.client.BaseHttpSender.sendAuthenticated(BaseHttpSender.java:383)
	at org.zaproxy.addon.network.internal.client.BaseHttpSender.sendNoRedirections(BaseHttpSender.java:351)
	at org.zaproxy.addon.network.internal.client.BaseHttpSender.send(BaseHttpSender.java:307)
	at org.zaproxy.addon.network.internal.client.BaseHttpSender.sendAndReceive(BaseHttpSender.java:278)
	at org.zaproxy.addon.network.internal.client.BaseHttpSender.sendAndReceive(BaseHttpSender.java:234)
	at org.parosproxy.paros.network.HttpSender.sendImpl(HttpSender.java:536)
	at org.parosproxy.paros.network.HttpSender.sendAndReceive(HttpSender.java:368)
	at org.parosproxy.paros.core.scanner.AbstractPlugin.sendMessageImpl(AbstractPlugin.java:346)
	at org.parosproxy.paros.core.scanner.AbstractPlugin.sendAndReceive(AbstractPlugin.java:331)
	at org.parosproxy.paros.core.scanner.AbstractPlugin.sendAndReceive(AbstractPlugin.java:265)
	at org.zaproxy.zap.extension.ascanrules.CloudMetadataScanRule.scan(CloudMetadataScanRule.java:255)
	at org.parosproxy.paros.core.scanner.AbstractPlugin.run(AbstractPlugin.java:402)
	at java.base/java.lang.Thread.run(Thread.java:1474)
114553 [ZAP-ActiveScanner-0] WARN  org.zaproxy.zap.extension.ascanrules.CloudMetadataScanRule - Error sending request to 169.254.169.254: No route to host (connect failed)
java.net.NoRouteToHostException: No route to host (connect failed)
	at java.base/sun.nio.ch.Net.pollConnect(Native Method)
	at java.base/sun.nio.ch.Net.pollConnectNow(Net.java:639)
	at java.base/sun.nio.ch.NioSocketImpl.timedFinishConnect(NioSocketImpl.java:550)
	at java.base/sun.nio.ch.NioSocketImpl.connect(NioSocketImpl.java:594)
	at java.base/java.net.SocksSocketImpl.connect(SocksSocketImpl.java:284)
	at java.base/java.net.Socket.connect(Socket.java:659)
	at org.apache.hc.client5.http.socket.PlainConnectionSocketFactory.lambda$connectSocket$0(PlainConnectionSocketFactory.java:85)
	at java.base/java.security.AccessController.doPrivileged(AccessController.java:251)
	at org.apache.hc.client5.http.socket.PlainConnectionSocketFactory.connectSocket(PlainConnectionSocketFactory.java:84)
	at org.apache.hc.client5.http.socket.ConnectionSocketFactory.connectSocket(ConnectionSocketFactory.java:113)
	at org.apache.hc.client5.http.impl.io.DefaultHttpClientConnectionOperator.connect(DefaultHttpClientConnectionOperator.java:181)
	at org.apache.hc.client5.http.impl.io.ZapHttpClientConnectionOperator.connect(ZapHttpClientConnectionOperator.java:95)
	at org.apache.hc.client5.http.impl.io.PoolingHttpClientConnectionManager.connect(PoolingHttpClientConnectionManager.java:447)
	at org.apache.hc.client5.http.impl.classic.InternalExecRuntime.connectEndpoint(InternalExecRuntime.java:162)
	at org.apache.hc.client5.http.impl.classic.InternalExecRuntime.connectEndpoint(InternalExecRuntime.java:172)
	at org.apache.hc.client5.http.impl.classic.ConnectExec.execute(ConnectExec.java:142)
	at org.apache.hc.client5.http.impl.classic.ExecChainElement.execute(ExecChainElement.java:51)
	at org.apache.hc.client5.http.impl.classic.ZapProtocolExec.execute(ZapProtocolExec.java:179)
	at org.apache.hc.client5.http.impl.classic.ExecChainElement.execute(ExecChainElement.java:51)
	at org.apache.hc.client5.http.impl.classic.ZapHttpRequestRetryExec.execute(ZapHttpRequestRetryExec.java:81)
	at org.apache.hc.client5.http.impl.classic.ExecChainElement.execute(ExecChainElement.java:51)
	at org.apache.hc.client5.http.impl.classic.ZapInternalHttpClient.doExecute(ZapInternalHttpClient.java:173)
	at org.apache.hc.client5.http.impl.classic.CloseableHttpClient.execute(CloseableHttpClient.java:245)
	at org.apache.hc.client5.http.impl.classic.CloseableHttpClient.execute(CloseableHttpClient.java:188)
	at org.zaproxy.addon.network.internal.client.apachev5.HttpSenderApache.sendImpl0(HttpSenderApache.java:486)
	at org.zaproxy.addon.network.internal.client.apachev5.HttpSenderApache.sendImpl(HttpSenderApache.java:365)
	at org.zaproxy.addon.network.internal.client.apachev5.HttpSenderApache.sendImpl(HttpSenderApache.java:116)
	at org.zaproxy.addon.network.internal.client.BaseHttpSender.sendRateLimited(BaseHttpSender.java:415)
	at org.zaproxy.addon.network.internal.client.BaseHttpSender.sendAuthenticated(BaseHttpSender.java:383)
	at org.zaproxy.addon.network.internal.client.BaseHttpSender.sendNoRedirections(BaseHttpSender.java:351)
	at org.zaproxy.addon.network.internal.client.BaseHttpSender.send(BaseHttpSender.java:307)
	at org.zaproxy.addon.network.internal.client.BaseHttpSender.sendAndReceive(BaseHttpSender.java:278)
	at org.zaproxy.addon.network.internal.client.BaseHttpSender.sendAndReceive(BaseHttpSender.java:234)
	at org.parosproxy.paros.network.HttpSender.sendImpl(HttpSender.java:536)
	at org.parosproxy.paros.network.HttpSender.sendAndReceive(HttpSender.java:368)
	at org.parosproxy.paros.core.scanner.AbstractPlugin.sendMessageImpl(AbstractPlugin.java:346)
	at org.parosproxy.paros.core.scanner.AbstractPlugin.sendAndReceive(AbstractPlugin.java:331)
	at org.parosproxy.paros.core.scanner.AbstractPlugin.sendAndReceive(AbstractPlugin.java:265)
	at org.zaproxy.zap.extension.ascanrules.CloudMetadataScanRule.scan(CloudMetadataScanRule.java:255)
	at org.parosproxy.paros.core.scanner.AbstractPlugin.run(AbstractPlugin.java:402)
	at java.base/java.lang.Thread.run(Thread.java:1474)
114555 [ZAP-ActiveScanner-0] INFO  org.parosproxy.paros.core.scanner.HostProcess - completed host/plugin http://192.168.1.1 | CloudMetadataScanRule in 39.938s with 0 message(s) sent and 0 alert(s) raised.
114556 [ZAP-Scanner-0] INFO  org.parosproxy.paros.core.scanner.HostProcess - completed host/plugin http://192.168.1.1 | SstiScanRule in 39.939s with 0 message(s) sent and 0 alert(s) raised.
114557 [ZAP-Scanner-0] INFO  org.parosproxy.paros.core.scanner.HostProcess - start host http://192.168.1.1 | SstiBlindScanRule strength MEDIUM threshold MEDIUM
114572 [ZAP-Scanner-0] INFO  org.parosproxy.paros.core.scanner.HostProcess - completed host/plugin http://192.168.1.1 | SstiBlindScanRule in 0.014s with 0 message(s) sent and 0 alert(s) raised.
114573 [ZAP-Scanner-0] INFO  org.parosproxy.paros.core.scanner.HostProcess - start host http://192.168.1.1 | CommandInjectionTimingScanRule strength MEDIUM threshold MEDIUM
114588 [ZAP-Scanner-0] INFO  org.parosproxy.paros.core.scanner.HostProcess - completed host/plugin http://192.168.1.1 | CommandInjectionTimingScanRule in 0.015s with 0 message(s) sent and 0 alert(s) raised.
114589 [ZAP-Scanner-0] INFO  org.parosproxy.paros.core.scanner.HostProcess - start host http://192.168.1.1 | DirectoryBrowsingScanRule strength MEDIUM threshold MEDIUM
117657 [ZAP-Scanner-0] INFO  org.parosproxy.paros.core.scanner.HostProcess - completed host/plugin http://192.168.1.1 | DirectoryBrowsingScanRule in 3.069s with 0 message(s) sent and 0 alert(s) raised.
117657 [ZAP-Scanner-0] INFO  org.parosproxy.paros.core.scanner.HostProcess - start host http://192.168.1.1 | HttpOnlySiteScanRule strength MEDIUM threshold MEDIUM
117660 [ZAP-Scanner-0] INFO  org.parosproxy.paros.core.scanner.HostProcess - start host http://192.168.1.1 | BufferOverflowScanRule strength MEDIUM threshold MEDIUM
120753 [ZAP-ActiveScanner-0] INFO  org.parosproxy.paros.core.scanner.HostProcess - completed host/plugin http://192.168.1.1 | HttpOnlySiteScanRule in 3.095s with 0 message(s) sent and 1 alert(s) raised.
120754 [ZAP-Scanner-0] INFO  org.parosproxy.paros.core.scanner.HostProcess - completed host/plugin http://192.168.1.1 | BufferOverflowScanRule in 3.095s with 0 message(s) sent and 0 alert(s) raised.
120754 [ZAP-Scanner-0] INFO  org.parosproxy.paros.core.scanner.HostProcess - start host http://192.168.1.1 | FormatStringScanRule strength MEDIUM threshold MEDIUM
120760 [ZAP-Scanner-0] INFO  org.parosproxy.paros.core.scanner.HostProcess - completed host/plugin http://192.168.1.1 | FormatStringScanRule in 0.006s with 0 message(s) sent and 0 alert(s) raised.
120761 [ZAP-Scanner-0] INFO  org.parosproxy.paros.core.scanner.HostProcess - start host http://192.168.1.1 | CrlfInjectionScanRule strength MEDIUM threshold MEDIUM
120766 [ZAP-Scanner-0] INFO  org.parosproxy.paros.core.scanner.HostProcess - completed host/plugin http://192.168.1.1 | CrlfInjectionScanRule in 0.006s with 0 message(s) sent and 0 alert(s) raised.
120766 [ZAP-Scanner-0] INFO  org.parosproxy.paros.core.scanner.HostProcess - start host http://192.168.1.1 | ParameterTamperScanRule strength MEDIUM threshold MEDIUM
120771 [ZAP-Scanner-0] INFO  org.parosproxy.paros.core.scanner.HostProcess - completed host/plugin http://192.168.1.1 | ParameterTamperScanRule in 0.005s with 0 message(s) sent and 0 alert(s) raised.
120772 [ZAP-Scanner-0] INFO  org.parosproxy.paros.core.scanner.HostProcess - start host http://192.168.1.1 | ElmahScanRule strength MEDIUM threshold MEDIUM
120773 [ZAP-Scanner-0] INFO  org.parosproxy.paros.core.scanner.HostProcess - start host http://192.168.1.1 | TraceAxdScanRule strength MEDIUM threshold MEDIUM
123833 [ZAP-ActiveScanner-0] WARN  org.zaproxy.addon.commonlib.AbstractHostFilePlugin - An error occurred while checking [GET] [http://192.168.1.1/elmah.axd] for ELMAH Information Leak Caught java.net.NoRouteToHostException No route to host (connect failed)
123833 [ZAP-ActiveScanner-0] INFO  org.parosproxy.paros.core.scanner.HostProcess - completed host/plugin http://192.168.1.1 | ElmahScanRule in 3.061s with 0 message(s) sent and 0 alert(s) raised.
123834 [ZAP-ActiveScanner-1] WARN  org.zaproxy.addon.commonlib.AbstractAppFilePlugin - An error occurred while checking [GET] [http://192.168.1.1/trace.axd] for Trace.axd Information Leak Caught java.net.NoRouteToHostException No route to host (connect failed)
123834 [ZAP-Scanner-0] INFO  org.parosproxy.paros.core.scanner.HostProcess - completed host/plugin http://192.168.1.1 | TraceAxdScanRule in 3.062s with 0 message(s) sent and 0 alert(s) raised.
123835 [ZAP-Scanner-0] INFO  org.parosproxy.paros.core.scanner.HostProcess - start host http://192.168.1.1 | HtAccessScanRule strength MEDIUM threshold MEDIUM
126905 [ZAP-ActiveScanner-0] WARN  org.zaproxy.addon.commonlib.AbstractAppFilePlugin - An error occurred while checking [GET] [http://192.168.1.1/.htaccess] for .htaccess Information Leak Caught java.net.NoRouteToHostException No route to host (connect failed)
126911 [ZAP-Scanner-0] INFO  org.parosproxy.paros.core.scanner.HostProcess - completed host/plugin http://192.168.1.1 | HtAccessScanRule in 3.076s with 0 message(s) sent and 0 alert(s) raised.
126911 [ZAP-Scanner-0] INFO  org.parosproxy.paros.core.scanner.HostProcess - start host http://192.168.1.1 | EnvFileScanRule strength MEDIUM threshold MEDIUM
129977 [ZAP-ActiveScanner-0] WARN  org.zaproxy.addon.commonlib.AbstractAppFilePlugin - An error occurred while checking [GET] [http://192.168.1.1/.env] for .env Information Leak Caught java.net.NoRouteToHostException No route to host (connect failed)
129978 [ZAP-Scanner-0] INFO  org.parosproxy.paros.core.scanner.HostProcess - completed host/plugin http://192.168.1.1 | EnvFileScanRule in 3.067s with 0 message(s) sent and 0 alert(s) raised.
129979 [ZAP-Scanner-0] INFO  org.parosproxy.paros.core.scanner.HostProcess - start host http://192.168.1.1 | HiddenFilesScanRule strength MEDIUM threshold MEDIUM
130002 [ZAP-Scanner-0] INFO  org.parosproxy.paros.core.scanner.HostProcess - start host http://192.168.1.1 | SpringActuatorScanRule strength MEDIUM threshold MEDIUM
130003 [ZAP-Scanner-0] INFO  org.parosproxy.paros.core.scanner.HostProcess - start host http://192.168.1.1 | ExponentialEntityExpansionScanRule strength MEDIUM threshold MEDIUM
133082 [ZAP-ActiveScanner-1] WARN  org.zaproxy.zap.extension.ascanrules.SpringActuatorScanRule - An error occurred while checking [GET] [http://192.168.1.1/actuator/health] for Spring Actuator Information Leak Caught java.net.NoRouteToHostException No route to host (connect failed)
133082 [ZAP-ActiveScanner-0] WARN  org.zaproxy.zap.extension.ascanrules.HiddenFilesScanRule - An error occurred while checking [GET] [http://192.168.1.1/zap3759571629558491036] for Hidden File Finder Caught java.net.NoRouteToHostException No route to host (connect failed)
136153 [ZAP-ActiveScanner-1] WARN  org.zaproxy.zap.extension.ascanrules.SpringActuatorScanRule - An error occurred while checking [GET] [http://192.168.1.1/actuator/health] for Spring Actuator Information Leak Caught java.net.NoRouteToHostException No route to host (connect failed)
136153 [ZAP-ActiveScanner-0] WARN  org.zaproxy.zap.extension.ascanrules.HiddenFilesScanRule - An error occurred while checking [GET] [http://192.168.1.1/.zap2930671202820514908] for Hidden File Finder Caught java.net.NoRouteToHostException No route to host (connect failed)
136154 [ZAP-ActiveScanner-1] INFO  org.parosproxy.paros.core.scanner.HostProcess - completed host/plugin http://192.168.1.1 | SpringActuatorScanRule in 6.151s with 0 message(s) sent and 0 alert(s) raised.
136154 [ZAP-ActiveScanner-0] INFO  org.parosproxy.paros.core.scanner.HostProcess - completed host/plugin http://192.168.1.1 | HiddenFilesScanRule in 6.175s with 0 message(s) sent and 0 alert(s) raised.
136154 [ZAP-Scanner-0] INFO  org.parosproxy.paros.core.scanner.HostProcess - completed host/plugin http://192.168.1.1 | ExponentialEntityExpansionScanRule in 6.151s with 0 message(s) sent and 0 alert(s) raised.
136155 [ZAP-Scanner-0] INFO  org.parosproxy.paros.core.scanner.HostProcess - start host http://192.168.1.1 | XsltInjectionScanRule strength MEDIUM threshold MEDIUM
136159 [ZAP-Scanner-0] INFO  org.parosproxy.paros.core.scanner.HostProcess - completed host/plugin http://192.168.1.1 | XsltInjectionScanRule in 0.003s with 0 message(s) sent and 0 alert(s) raised.
136159 [ZAP-Scanner-0] INFO  org.parosproxy.paros.core.scanner.HostProcess - start host http://192.168.1.1 | HttpsAsHttpScanRule strength MEDIUM threshold MEDIUM
136165 [ZAP-Scanner-0] INFO  org.parosproxy.paros.core.scanner.HostProcess - completed host/plugin http://192.168.1.1 | HttpsAsHttpScanRule in 0.006s with 0 message(s) sent and 0 alert(s) raised.
136165 [ZAP-Scanner-0] INFO  org.parosproxy.paros.core.scanner.HostProcess - start host http://192.168.1.1 | GetForPostScanRule strength MEDIUM threshold MEDIUM
136168 [ZAP-Scanner-0] INFO  org.parosproxy.paros.core.scanner.HostProcess - completed host/plugin http://192.168.1.1 | GetForPostScanRule in 0.003s with 0 message(s) sent and 0 alert(s) raised.
136168 [ZAP-Scanner-0] INFO  org.parosproxy.paros.core.scanner.HostProcess - start host http://192.168.1.1 | UserAgentScanRule strength MEDIUM threshold MEDIUM
139225 [ZAP-ActiveScanner-0] WARN  org.zaproxy.zap.extension.ascanrules.UserAgentScanRule - No route to host (connect failed)
java.net.NoRouteToHostException: No route to host (connect failed)
	at java.base/sun.nio.ch.Net.pollConnect(Native Method)
	at java.base/sun.nio.ch.Net.pollConnectNow(Net.java:639)
	at java.base/sun.nio.ch.NioSocketImpl.timedFinishConnect(NioSocketImpl.java:550)
	at java.base/sun.nio.ch.NioSocketImpl.connect(NioSocketImpl.java:594)
	at java.base/java.net.SocksSocketImpl.connect(SocksSocketImpl.java:284)
	at java.base/java.net.Socket.connect(Socket.java:659)
	at org.apache.hc.client5.http.socket.PlainConnectionSocketFactory.lambda$connectSocket$0(PlainConnectionSocketFactory.java:85)
	at java.base/java.security.AccessController.doPrivileged(AccessController.java:251)
	at org.apache.hc.client5.http.socket.PlainConnectionSocketFactory.connectSocket(PlainConnectionSocketFactory.java:84)
	at org.apache.hc.client5.http.socket.ConnectionSocketFactory.connectSocket(ConnectionSocketFactory.java:113)
	at org.apache.hc.client5.http.impl.io.DefaultHttpClientConnectionOperator.connect(DefaultHttpClientConnectionOperator.java:181)
	at org.apache.hc.client5.http.impl.io.ZapHttpClientConnectionOperator.connect(ZapHttpClientConnectionOperator.java:95)
	at org.apache.hc.client5.http.impl.io.PoolingHttpClientConnectionManager.connect(PoolingHttpClientConnectionManager.java:447)
	at org.apache.hc.client5.http.impl.classic.InternalExecRuntime.connectEndpoint(InternalExecRuntime.java:162)
	at org.apache.hc.client5.http.impl.classic.InternalExecRuntime.connectEndpoint(InternalExecRuntime.java:172)
	at org.apache.hc.client5.http.impl.classic.ConnectExec.execute(ConnectExec.java:142)
	at org.apache.hc.client5.http.impl.classic.ExecChainElement.execute(ExecChainElement.java:51)
	at org.apache.hc.client5.http.impl.classic.ZapProtocolExec.execute(ZapProtocolExec.java:179)
	at org.apache.hc.client5.http.impl.classic.ExecChainElement.execute(ExecChainElement.java:51)
	at org.apache.hc.client5.http.impl.classic.ZapHttpRequestRetryExec.execute(ZapHttpRequestRetryExec.java:81)
	at org.apache.hc.client5.http.impl.classic.ExecChainElement.execute(ExecChainElement.java:51)
	at org.apache.hc.client5.http.impl.classic.ZapInternalHttpClient.doExecute(ZapInternalHttpClient.java:173)
	at org.apache.hc.client5.http.impl.classic.CloseableHttpClient.execute(CloseableHttpClient.java:245)
	at org.apache.hc.client5.http.impl.classic.CloseableHttpClient.execute(CloseableHttpClient.java:188)
	at org.zaproxy.addon.network.internal.client.apachev5.HttpSenderApache.sendImpl0(HttpSenderApache.java:486)
	at org.zaproxy.addon.network.internal.client.apachev5.HttpSenderApache.sendImpl(HttpSenderApache.java:365)
	at org.zaproxy.addon.network.internal.client.apachev5.HttpSenderApache.sendImpl(HttpSenderApache.java:116)
	at org.zaproxy.addon.network.internal.client.BaseHttpSender.sendRateLimited(BaseHttpSender.java:415)
	at org.zaproxy.addon.network.internal.client.BaseHttpSender.sendAuthenticated(BaseHttpSender.java:383)
	at org.zaproxy.addon.network.internal.client.BaseHttpSender.sendNoRedirections(BaseHttpSender.java:351)
	at org.zaproxy.addon.network.internal.client.BaseHttpSender.send(BaseHttpSender.java:307)
	at org.zaproxy.addon.network.internal.client.BaseHttpSender.sendAndReceive(BaseHttpSender.java:278)
	at org.zaproxy.addon.network.internal.client.BaseHttpSender.sendAndReceive(BaseHttpSender.java:234)
	at org.parosproxy.paros.network.HttpSender.sendImpl(HttpSender.java:536)
	at org.parosproxy.paros.network.HttpSender.sendAndReceive(HttpSender.java:529)
	at org.parosproxy.paros.core.scanner.AbstractPlugin.sendMessageImpl(AbstractPlugin.java:344)
	at org.parosproxy.paros.core.scanner.AbstractPlugin.sendAndReceive(AbstractPlugin.java:331)
	at org.parosproxy.paros.core.scanner.AbstractPlugin.sendAndReceive(AbstractPlugin.java:265)
	at org.parosproxy.paros.core.scanner.AbstractPlugin.sendAndReceive(AbstractPlugin.java:238)
	at org.zaproxy.zap.extension.ascanrules.UserAgentScanRule.sendUserAgent(UserAgentScanRule.java:194)
	at org.zaproxy.zap.extension.ascanrules.UserAgentScanRule.attack(UserAgentScanRule.java:183)
	at org.zaproxy.zap.extension.ascanrules.UserAgentScanRule.scan(UserAgentScanRule.java:166)
	at org.parosproxy.paros.core.scanner.AbstractPlugin.run(AbstractPlugin.java:402)
	at java.base/java.lang.Thread.run(Thread.java:1474)
139226 [ZAP-ActiveScanner-1] WARN  org.zaproxy.zap.extension.ascanrules.UserAgentScanRule - No route to host (connect failed)
java.net.NoRouteToHostException: No route to host (connect failed)
	at java.base/sun.nio.ch.Net.pollConnect(Native Method)
	at java.base/sun.nio.ch.Net.pollConnectNow(Net.java:639)
	at java.base/sun.nio.ch.NioSocketImpl.timedFinishConnect(NioSocketImpl.java:550)
	at java.base/sun.nio.ch.NioSocketImpl.connect(NioSocketImpl.java:594)
	at java.base/java.net.SocksSocketImpl.connect(SocksSocketImpl.java:284)
	at java.base/java.net.Socket.connect(Socket.java:659)
	at org.apache.hc.client5.http.socket.PlainConnectionSocketFactory.lambda$connectSocket$0(PlainConnectionSocketFactory.java:85)
	at java.base/java.security.AccessController.doPrivileged(AccessController.java:251)
	at org.apache.hc.client5.http.socket.PlainConnectionSocketFactory.connectSocket(PlainConnectionSocketFactory.java:84)
	at org.apache.hc.client5.http.socket.ConnectionSocketFactory.connectSocket(ConnectionSocketFactory.java:113)
	at org.apache.hc.client5.http.impl.io.DefaultHttpClientConnectionOperator.connect(DefaultHttpClientConnectionOperator.java:181)
	at org.apache.hc.client5.http.impl.io.ZapHttpClientConnectionOperator.connect(ZapHttpClientConnectionOperator.java:95)
	at org.apache.hc.client5.http.impl.io.PoolingHttpClientConnectionManager.connect(PoolingHttpClientConnectionManager.java:447)
	at org.apache.hc.client5.http.impl.classic.InternalExecRuntime.connectEndpoint(InternalExecRuntime.java:162)
	at org.apache.hc.client5.http.impl.classic.InternalExecRuntime.connectEndpoint(InternalExecRuntime.java:172)
	at org.apache.hc.client5.http.impl.classic.ConnectExec.execute(ConnectExec.java:142)
	at org.apache.hc.client5.http.impl.classic.ExecChainElement.execute(ExecChainElement.java:51)
	at org.apache.hc.client5.http.impl.classic.ZapProtocolExec.execute(ZapProtocolExec.java:179)
	at org.apache.hc.client5.http.impl.classic.ExecChainElement.execute(ExecChainElement.java:51)
	at org.apache.hc.client5.http.impl.classic.ZapHttpRequestRetryExec.execute(ZapHttpRequestRetryExec.java:81)
	at org.apache.hc.client5.http.impl.classic.ExecChainElement.execute(ExecChainElement.java:51)
	at org.apache.hc.client5.http.impl.classic.ZapInternalHttpClient.doExecute(ZapInternalHttpClient.java:173)
	at org.apache.hc.client5.http.impl.classic.CloseableHttpClient.execute(CloseableHttpClient.java:245)
	at org.apache.hc.client5.http.impl.classic.CloseableHttpClient.execute(CloseableHttpClient.java:188)
	at org.zaproxy.addon.network.internal.client.apachev5.HttpSenderApache.sendImpl0(HttpSenderApache.java:486)
	at org.zaproxy.addon.network.internal.client.apachev5.HttpSenderApache.sendImpl(HttpSenderApache.java:365)
	at org.zaproxy.addon.network.internal.client.apachev5.HttpSenderApache.sendImpl(HttpSenderApache.java:116)
	at org.zaproxy.addon.network.internal.client.BaseHttpSender.sendRateLimited(BaseHttpSender.java:415)
	at org.zaproxy.addon.network.internal.client.BaseHttpSender.sendAuthenticated(BaseHttpSender.java:383)
	at org.zaproxy.addon.network.internal.client.BaseHttpSender.sendNoRedirections(BaseHttpSender.java:351)
	at org.zaproxy.addon.network.internal.client.BaseHttpSender.send(BaseHttpSender.java:307)
	at org.zaproxy.addon.network.internal.client.BaseHttpSender.sendAndReceive(BaseHttpSender.java:278)
	at org.zaproxy.addon.network.internal.client.BaseHttpSender.sendAndReceive(BaseHttpSender.java:234)
	at org.parosproxy.paros.network.HttpSender.sendImpl(HttpSender.java:536)
	at org.parosproxy.paros.network.HttpSender.sendAndReceive(HttpSender.java:529)
	at org.parosproxy.paros.core.scanner.AbstractPlugin.sendMessageImpl(AbstractPlugin.java:344)
	at org.parosproxy.paros.core.scanner.AbstractPlugin.sendAndReceive(AbstractPlugin.java:331)
	at org.parosproxy.paros.core.scanner.AbstractPlugin.sendAndReceive(AbstractPlugin.java:265)
	at org.parosproxy.paros.core.scanner.AbstractPlugin.sendAndReceive(AbstractPlugin.java:238)
	at org.zaproxy.zap.extension.ascanrules.UserAgentScanRule.sendUserAgent(UserAgentScanRule.java:194)
	at org.zaproxy.zap.extension.ascanrules.UserAgentScanRule.attack(UserAgentScanRule.java:183)
	at org.zaproxy.zap.extension.ascanrules.UserAgentScanRule.scan(UserAgentScanRule.java:166)
	at org.parosproxy.paros.core.scanner.AbstractPlugin.run(AbstractPlugin.java:402)
	at java.base/java.lang.Thread.run(Thread.java:1474)
139225 [ZAP-ActiveScanner-2] WARN  org.zaproxy.zap.extension.ascanrules.UserAgentScanRule - No route to host (connect failed)
java.net.NoRouteToHostException: No route to host (connect failed)
	at java.base/sun.nio.ch.Net.pollConnect(Native Method)
	at java.base/sun.nio.ch.Net.pollConnectNow(Net.java:639)
	at java.base/sun.nio.ch.NioSocketImpl.timedFinishConnect(NioSocketImpl.java:550)
	at java.base/sun.nio.ch.NioSocketImpl.connect(NioSocketImpl.java:594)
	at java.base/java.net.SocksSocketImpl.connect(SocksSocketImpl.java:284)
	at java.base/java.net.Socket.connect(Socket.java:659)
	at org.apache.hc.client5.http.socket.PlainConnectionSocketFactory.lambda$connectSocket$0(PlainConnectionSocketFactory.java:85)
	at java.base/java.security.AccessController.doPrivileged(AccessController.java:251)
	at org.apache.hc.client5.http.socket.PlainConnectionSocketFactory.connectSocket(PlainConnectionSocketFactory.java:84)
	at org.apache.hc.client5.http.socket.ConnectionSocketFactory.connectSocket(ConnectionSocketFactory.java:113)
	at org.apache.hc.client5.http.impl.io.DefaultHttpClientConnectionOperator.connect(DefaultHttpClientConnectionOperator.java:181)
	at org.apache.hc.client5.http.impl.io.ZapHttpClientConnectionOperator.connect(ZapHttpClientConnectionOperator.java:95)
	at org.apache.hc.client5.http.impl.io.PoolingHttpClientConnectionManager.connect(PoolingHttpClientConnectionManager.java:447)
	at org.apache.hc.client5.http.impl.classic.InternalExecRuntime.connectEndpoint(InternalExecRuntime.java:162)
	at org.apache.hc.client5.http.impl.classic.InternalExecRuntime.connectEndpoint(InternalExecRuntime.java:172)
	at org.apache.hc.client5.http.impl.classic.ConnectExec.execute(ConnectExec.java:142)
	at org.apache.hc.client5.http.impl.classic.ExecChainElement.execute(ExecChainElement.java:51)
	at org.apache.hc.client5.http.impl.classic.ZapProtocolExec.execute(ZapProtocolExec.java:179)
	at org.apache.hc.client5.http.impl.classic.ExecChainElement.execute(ExecChainElement.java:51)
	at org.apache.hc.client5.http.impl.classic.ZapHttpRequestRetryExec.execute(ZapHttpRequestRetryExec.java:81)
	at org.apache.hc.client5.http.impl.classic.ExecChainElement.execute(ExecChainElement.java:51)
	at org.apache.hc.client5.http.impl.classic.ZapInternalHttpClient.doExecute(ZapInternalHttpClient.java:173)
	at org.apache.hc.client5.http.impl.classic.CloseableHttpClient.execute(CloseableHttpClient.java:245)
	at org.apache.hc.client5.http.impl.classic.CloseableHttpClient.execute(CloseableHttpClient.java:188)
	at org.zaproxy.addon.network.internal.client.apachev5.HttpSenderApache.sendImpl0(HttpSenderApache.java:486)
	at org.zaproxy.addon.network.internal.client.apachev5.HttpSenderApache.sendImpl(HttpSenderApache.java:365)
	at org.zaproxy.addon.network.internal.client.apachev5.HttpSenderApache.sendImpl(HttpSenderApache.java:116)
	at org.zaproxy.addon.network.internal.client.BaseHttpSender.sendRateLimited(BaseHttpSender.java:415)
	at org.zaproxy.addon.network.internal.client.BaseHttpSender.sendAuthenticated(BaseHttpSender.java:383)
	at org.zaproxy.addon.network.internal.client.BaseHttpSender.sendNoRedirections(BaseHttpSender.java:351)
	at org.zaproxy.addon.network.internal.client.BaseHttpSender.send(BaseHttpSender.java:307)
	at org.zaproxy.addon.network.internal.client.BaseHttpSender.sendAndReceive(BaseHttpSender.java:278)
	at org.zaproxy.addon.network.internal.client.BaseHttpSender.sendAndReceive(BaseHttpSender.java:234)
	at org.parosproxy.paros.network.HttpSender.sendImpl(HttpSender.java:536)
	at org.parosproxy.paros.network.HttpSender.sendAndReceive(HttpSender.java:529)
	at org.parosproxy.paros.core.scanner.AbstractPlugin.sendMessageImpl(AbstractPlugin.java:344)
	at org.parosproxy.paros.core.scanner.AbstractPlugin.sendAndReceive(AbstractPlugin.java:331)
	at org.parosproxy.paros.core.scanner.AbstractPlugin.sendAndReceive(AbstractPlugin.java:265)
	at org.parosproxy.paros.core.scanner.AbstractPlugin.sendAndReceive(AbstractPlugin.java:238)
	at org.zaproxy.zap.extension.ascanrules.UserAgentScanRule.sendUserAgent(UserAgentScanRule.java:194)
	at org.zaproxy.zap.extension.ascanrules.UserAgentScanRule.attack(UserAgentScanRule.java:183)
	at org.zaproxy.zap.extension.ascanrules.UserAgentScanRule.scan(UserAgentScanRule.java:166)
	at org.parosproxy.paros.core.scanner.AbstractPlugin.run(AbstractPlugin.java:402)
	at java.base/java.lang.Thread.run(Thread.java:1474)
142298 [ZAP-ActiveScanner-0] WARN  org.zaproxy.zap.extension.ascanrules.UserAgentScanRule - No route to host (connect failed)
java.net.NoRouteToHostException: No route to host (connect failed)
	at java.base/sun.nio.ch.Net.pollConnect(Native Method)
	at java.base/sun.nio.ch.Net.pollConnectNow(Net.java:639)
	at java.base/sun.nio.ch.NioSocketImpl.timedFinishConnect(NioSocketImpl.java:550)
	at java.base/sun.nio.ch.NioSocketImpl.connect(NioSocketImpl.java:594)
	at java.base/java.net.SocksSocketImpl.connect(SocksSocketImpl.java:284)
	at java.base/java.net.Socket.connect(Socket.java:659)
	at org.apache.hc.client5.http.socket.PlainConnectionSocketFactory.lambda$connectSocket$0(PlainConnectionSocketFactory.java:85)
	at java.base/java.security.AccessController.doPrivileged(AccessController.java:251)
	at org.apache.hc.client5.http.socket.PlainConnectionSocketFactory.connectSocket(PlainConnectionSocketFactory.java:84)
	at org.apache.hc.client5.http.socket.ConnectionSocketFactory.connectSocket(ConnectionSocketFactory.java:113)
	at org.apache.hc.client5.http.impl.io.DefaultHttpClientConnectionOperator.connect(DefaultHttpClientConnectionOperator.java:181)
	at org.apache.hc.client5.http.impl.io.ZapHttpClientConnectionOperator.connect(ZapHttpClientConnectionOperator.java:95)
	at org.apache.hc.client5.http.impl.io.PoolingHttpClientConnectionManager.connect(PoolingHttpClientConnectionManager.java:447)
	at org.apache.hc.client5.http.impl.classic.InternalExecRuntime.connectEndpoint(InternalExecRuntime.java:162)
	at org.apache.hc.client5.http.impl.classic.InternalExecRuntime.connectEndpoint(InternalExecRuntime.java:172)
	at org.apache.hc.client5.http.impl.classic.ConnectExec.execute(ConnectExec.java:142)
	at org.apache.hc.client5.http.impl.classic.ExecChainElement.execute(ExecChainElement.java:51)
	at org.apache.hc.client5.http.impl.classic.ZapProtocolExec.execute(ZapProtocolExec.java:179)
	at org.apache.hc.client5.http.impl.classic.ExecChainElement.execute(ExecChainElement.java:51)
	at org.apache.hc.client5.http.impl.classic.ZapHttpRequestRetryExec.execute(ZapHttpRequestRetryExec.java:81)
	at org.apache.hc.client5.http.impl.classic.ExecChainElement.execute(ExecChainElement.java:51)
	at org.apache.hc.client5.http.impl.classic.ZapInternalHttpClient.doExecute(ZapInternalHttpClient.java:173)
	at org.apache.hc.client5.http.impl.classic.CloseableHttpClient.execute(CloseableHttpClient.java:245)
	at org.apache.hc.client5.http.impl.classic.CloseableHttpClient.execute(CloseableHttpClient.java:188)
	at org.zaproxy.addon.network.internal.client.apachev5.HttpSenderApache.sendImpl0(HttpSenderApache.java:486)
	at org.zaproxy.addon.network.internal.client.apachev5.HttpSenderApache.sendImpl(HttpSenderApache.java:365)
	at org.zaproxy.addon.network.internal.client.apachev5.HttpSenderApache.sendImpl(HttpSenderApache.java:116)
	at org.zaproxy.addon.network.internal.client.BaseHttpSender.sendRateLimited(BaseHttpSender.java:415)
	at org.zaproxy.addon.network.internal.client.BaseHttpSender.sendAuthenticated(BaseHttpSender.java:383)
	at org.zaproxy.addon.network.internal.client.BaseHttpSender.sendNoRedirections(BaseHttpSender.java:351)
	at org.zaproxy.addon.network.internal.client.BaseHttpSender.send(BaseHttpSender.java:307)
	at org.zaproxy.addon.network.internal.client.BaseHttpSender.sendAndReceive(BaseHttpSender.java:278)
	at org.zaproxy.addon.network.internal.client.BaseHttpSender.sendAndReceive(BaseHttpSender.java:234)
	at org.parosproxy.paros.network.HttpSender.sendImpl(HttpSender.java:536)
	at org.parosproxy.paros.network.HttpSender.sendAndReceive(HttpSender.java:529)
	at org.parosproxy.paros.core.scanner.AbstractPlugin.sendMessageImpl(AbstractPlugin.java:344)
	at org.parosproxy.paros.core.scanner.AbstractPlugin.sendAndReceive(AbstractPlugin.java:331)
	at org.parosproxy.paros.core.scanner.AbstractPlugin.sendAndReceive(AbstractPlugin.java:265)
	at org.parosproxy.paros.core.scanner.AbstractPlugin.sendAndReceive(AbstractPlugin.java:238)
	at org.zaproxy.zap.extension.ascanrules.UserAgentScanRule.sendUserAgent(UserAgentScanRule.java:194)
	at org.zaproxy.zap.extension.ascanrules.UserAgentScanRule.attack(UserAgentScanRule.java:183)
	at org.zaproxy.zap.extension.ascanrules.UserAgentScanRule.scan(UserAgentScanRule.java:166)
	at org.parosproxy.paros.core.scanner.AbstractPlugin.run(AbstractPlugin.java:402)
	at java.base/java.lang.Thread.run(Thread.java:1474)
142298 [ZAP-ActiveScanner-1] WARN  org.zaproxy.zap.extension.ascanrules.UserAgentScanRule - No route to host (connect failed)
java.net.NoRouteToHostException: No route to host (connect failed)
	at java.base/sun.nio.ch.Net.pollConnect(Native Method)
	at java.base/sun.nio.ch.Net.pollConnectNow(Net.java:639)
	at java.base/sun.nio.ch.NioSocketImpl.timedFinishConnect(NioSocketImpl.java:550)
	at java.base/sun.nio.ch.NioSocketImpl.connect(NioSocketImpl.java:594)
	at java.base/java.net.SocksSocketImpl.connect(SocksSocketImpl.java:284)
	at java.base/java.net.Socket.connect(Socket.java:659)
	at org.apache.hc.client5.http.socket.PlainConnectionSocketFactory.lambda$connectSocket$0(PlainConnectionSocketFactory.java:85)
	at java.base/java.security.AccessController.doPrivileged(AccessController.java:251)
	at org.apache.hc.client5.http.socket.PlainConnectionSocketFactory.connectSocket(PlainConnectionSocketFactory.java:84)
	at org.apache.hc.client5.http.socket.ConnectionSocketFactory.connectSocket(ConnectionSocketFactory.java:113)
	at org.apache.hc.client5.http.impl.io.DefaultHttpClientConnectionOperator.connect(DefaultHttpClientConnectionOperator.java:181)
	at org.apache.hc.client5.http.impl.io.ZapHttpClientConnectionOperator.connect(ZapHttpClientConnectionOperator.java:95)
	at org.apache.hc.client5.http.impl.io.PoolingHttpClientConnectionManager.connect(PoolingHttpClientConnectionManager.java:447)
	at org.apache.hc.client5.http.impl.classic.InternalExecRuntime.connectEndpoint(InternalExecRuntime.java:162)
	at org.apache.hc.client5.http.impl.classic.InternalExecRuntime.connectEndpoint(InternalExecRuntime.java:172)
	at org.apache.hc.client5.http.impl.classic.ConnectExec.execute(ConnectExec.java:142)
	at org.apache.hc.client5.http.impl.classic.ExecChainElement.execute(ExecChainElement.java:51)
	at org.apache.hc.client5.http.impl.classic.ZapProtocolExec.execute(ZapProtocolExec.java:179)
	at org.apache.hc.client5.http.impl.classic.ExecChainElement.execute(ExecChainElement.java:51)
	at org.apache.hc.client5.http.impl.classic.ZapHttpRequestRetryExec.execute(ZapHttpRequestRetryExec.java:81)
	at org.apache.hc.client5.http.impl.classic.ExecChainElement.execute(ExecChainElement.java:51)
	at org.apache.hc.client5.http.impl.classic.ZapInternalHttpClient.doExecute(ZapInternalHttpClient.java:173)
	at org.apache.hc.client5.http.impl.classic.CloseableHttpClient.execute(CloseableHttpClient.java:245)
	at org.apache.hc.client5.http.impl.classic.CloseableHttpClient.execute(CloseableHttpClient.java:188)
	at org.zaproxy.addon.network.internal.client.apachev5.HttpSenderApache.sendImpl0(HttpSenderApache.java:486)
	at org.zaproxy.addon.network.internal.client.apachev5.HttpSenderApache.sendImpl(HttpSenderApache.java:365)
	at org.zaproxy.addon.network.internal.client.apachev5.HttpSenderApache.sendImpl(HttpSenderApache.java:116)
	at org.zaproxy.addon.network.internal.client.BaseHttpSender.sendRateLimited(BaseHttpSender.java:415)
	at org.zaproxy.addon.network.internal.client.BaseHttpSender.sendAuthenticated(BaseHttpSender.java:383)
	at org.zaproxy.addon.network.internal.client.BaseHttpSender.sendNoRedirections(BaseHttpSender.java:351)
	at org.zaproxy.addon.network.internal.client.BaseHttpSender.send(BaseHttpSender.java:307)
	at org.zaproxy.addon.network.internal.client.BaseHttpSender.sendAndReceive(BaseHttpSender.java:278)
	at org.zaproxy.addon.network.internal.client.BaseHttpSender.sendAndReceive(BaseHttpSender.java:234)
	at org.parosproxy.paros.network.HttpSender.sendImpl(HttpSender.java:536)
	at org.parosproxy.paros.network.HttpSender.sendAndReceive(HttpSender.java:529)
	at org.parosproxy.paros.core.scanner.AbstractPlugin.sendMessageImpl(AbstractPlugin.java:344)
	at org.parosproxy.paros.core.scanner.AbstractPlugin.sendAndReceive(AbstractPlugin.java:331)
	at org.parosproxy.paros.core.scanner.AbstractPlugin.sendAndReceive(AbstractPlugin.java:265)
	at org.parosproxy.paros.core.scanner.AbstractPlugin.sendAndReceive(AbstractPlugin.java:238)
	at org.zaproxy.zap.extension.ascanrules.UserAgentScanRule.sendUserAgent(UserAgentScanRule.java:194)
	at org.zaproxy.zap.extension.ascanrules.UserAgentScanRule.attack(UserAgentScanRule.java:183)
	at org.zaproxy.zap.extension.ascanrules.UserAgentScanRule.scan(UserAgentScanRule.java:166)
	at org.parosproxy.paros.core.scanner.AbstractPlugin.run(AbstractPlugin.java:402)
	at java.base/java.lang.Thread.run(Thread.java:1474)
142301 [ZAP-ActiveScanner-2] WARN  org.zaproxy.zap.extension.ascanrules.UserAgentScanRule - No route to host (connect failed)
java.net.NoRouteToHostException: No route to host (connect failed)
	at java.base/sun.nio.ch.Net.pollConnect(Native Method)
	at java.base/sun.nio.ch.Net.pollConnectNow(Net.java:639)
	at java.base/sun.nio.ch.NioSocketImpl.timedFinishConnect(NioSocketImpl.java:550)
	at java.base/sun.nio.ch.NioSocketImpl.connect(NioSocketImpl.java:594)
	at java.base/java.net.SocksSocketImpl.connect(SocksSocketImpl.java:284)
	at java.base/java.net.Socket.connect(Socket.java:659)
	at org.apache.hc.client5.http.socket.PlainConnectionSocketFactory.lambda$connectSocket$0(PlainConnectionSocketFactory.java:85)
	at java.base/java.security.AccessController.doPrivileged(AccessController.java:251)
	at org.apache.hc.client5.http.socket.PlainConnectionSocketFactory.connectSocket(PlainConnectionSocketFactory.java:84)
	at org.apache.hc.client5.http.socket.ConnectionSocketFactory.connectSocket(ConnectionSocketFactory.java:113)
	at org.apache.hc.client5.http.impl.io.DefaultHttpClientConnectionOperator.connect(DefaultHttpClientConnectionOperator.java:181)
	at org.apache.hc.client5.http.impl.io.ZapHttpClientConnectionOperator.connect(ZapHttpClientConnectionOperator.java:95)
	at org.apache.hc.client5.http.impl.io.PoolingHttpClientConnectionManager.connect(PoolingHttpClientConnectionManager.java:447)
	at org.apache.hc.client5.http.impl.classic.InternalExecRuntime.connectEndpoint(InternalExecRuntime.java:162)
	at org.apache.hc.client5.http.impl.classic.InternalExecRuntime.connectEndpoint(InternalExecRuntime.java:172)
	at org.apache.hc.client5.http.impl.classic.ConnectExec.execute(ConnectExec.java:142)
	at org.apache.hc.client5.http.impl.classic.ExecChainElement.execute(ExecChainElement.java:51)
	at org.apache.hc.client5.http.impl.classic.ZapProtocolExec.execute(ZapProtocolExec.java:179)
	at org.apache.hc.client5.http.impl.classic.ExecChainElement.execute(ExecChainElement.java:51)
	at org.apache.hc.client5.http.impl.classic.ZapHttpRequestRetryExec.execute(ZapHttpRequestRetryExec.java:81)
	at org.apache.hc.client5.http.impl.classic.ExecChainElement.execute(ExecChainElement.java:51)
	at org.apache.hc.client5.http.impl.classic.ZapInternalHttpClient.doExecute(ZapInternalHttpClient.java:173)
	at org.apache.hc.client5.http.impl.classic.CloseableHttpClient.execute(CloseableHttpClient.java:245)
	at org.apache.hc.client5.http.impl.classic.CloseableHttpClient.execute(CloseableHttpClient.java:188)
	at org.zaproxy.addon.network.internal.client.apachev5.HttpSenderApache.sendImpl0(HttpSenderApache.java:486)
	at org.zaproxy.addon.network.internal.client.apachev5.HttpSenderApache.sendImpl(HttpSenderApache.java:365)
	at org.zaproxy.addon.network.internal.client.apachev5.HttpSenderApache.sendImpl(HttpSenderApache.java:116)
	at org.zaproxy.addon.network.internal.client.BaseHttpSender.sendRateLimited(BaseHttpSender.java:415)
	at org.zaproxy.addon.network.internal.client.BaseHttpSender.sendAuthenticated(BaseHttpSender.java:383)
	at org.zaproxy.addon.network.internal.client.BaseHttpSender.sendNoRedirections(BaseHttpSender.java:351)
	at org.zaproxy.addon.network.internal.client.BaseHttpSender.send(BaseHttpSender.java:307)
	at org.zaproxy.addon.network.internal.client.BaseHttpSender.sendAndReceive(BaseHttpSender.java:278)
	at org.zaproxy.addon.network.internal.client.BaseHttpSender.sendAndReceive(BaseHttpSender.java:234)
	at org.parosproxy.paros.network.HttpSender.sendImpl(HttpSender.java:536)
	at org.parosproxy.paros.network.HttpSender.sendAndReceive(HttpSender.java:529)
	at org.parosproxy.paros.core.scanner.AbstractPlugin.sendMessageImpl(AbstractPlugin.java:344)
	at org.parosproxy.paros.core.scanner.AbstractPlugin.sendAndReceive(AbstractPlugin.java:331)
	at org.parosproxy.paros.core.scanner.AbstractPlugin.sendAndReceive(AbstractPlugin.java:265)
	at org.parosproxy.paros.core.scanner.AbstractPlugin.sendAndReceive(AbstractPlugin.java:238)
	at org.zaproxy.zap.extension.ascanrules.UserAgentScanRule.sendUserAgent(UserAgentScanRule.java:194)
	at org.zaproxy.zap.extension.ascanrules.UserAgentScanRule.attack(UserAgentScanRule.java:183)
	at org.zaproxy.zap.extension.ascanrules.UserAgentScanRule.scan(UserAgentScanRule.java:166)
	at org.parosproxy.paros.core.scanner.AbstractPlugin.run(AbstractPlugin.java:402)
	at java.base/java.lang.Thread.run(Thread.java:1474)
145373 [ZAP-ActiveScanner-1] WARN  org.zaproxy.zap.extension.ascanrules.UserAgentScanRule - No route to host (connect failed)
java.net.NoRouteToHostException: No route to host (connect failed)
	at java.base/sun.nio.ch.Net.pollConnect(Native Method)
	at java.base/sun.nio.ch.Net.pollConnectNow(Net.java:639)
	at java.base/sun.nio.ch.NioSocketImpl.timedFinishConnect(NioSocketImpl.java:550)
	at java.base/sun.nio.ch.NioSocketImpl.connect(NioSocketImpl.java:594)
	at java.base/java.net.SocksSocketImpl.connect(SocksSocketImpl.java:284)
	at java.base/java.net.Socket.connect(Socket.java:659)
	at org.apache.hc.client5.http.socket.PlainConnectionSocketFactory.lambda$connectSocket$0(PlainConnectionSocketFactory.java:85)
	at java.base/java.security.AccessController.doPrivileged(AccessController.java:251)
	at org.apache.hc.client5.http.socket.PlainConnectionSocketFactory.connectSocket(PlainConnectionSocketFactory.java:84)
	at org.apache.hc.client5.http.socket.ConnectionSocketFactory.connectSocket(ConnectionSocketFactory.java:113)
	at org.apache.hc.client5.http.impl.io.DefaultHttpClientConnectionOperator.connect(DefaultHttpClientConnectionOperator.java:181)
	at org.apache.hc.client5.http.impl.io.ZapHttpClientConnectionOperator.connect(ZapHttpClientConnectionOperator.java:95)
	at org.apache.hc.client5.http.impl.io.PoolingHttpClientConnectionManager.connect(PoolingHttpClientConnectionManager.java:447)
	at org.apache.hc.client5.http.impl.classic.InternalExecRuntime.connectEndpoint(InternalExecRuntime.java:162)
	at org.apache.hc.client5.http.impl.classic.InternalExecRuntime.connectEndpoint(InternalExecRuntime.java:172)
	at org.apache.hc.client5.http.impl.classic.ConnectExec.execute(ConnectExec.java:142)
	at org.apache.hc.client5.http.impl.classic.ExecChainElement.execute(ExecChainElement.java:51)
	at org.apache.hc.client5.http.impl.classic.ZapProtocolExec.execute(ZapProtocolExec.java:179)
	at org.apache.hc.client5.http.impl.classic.ExecChainElement.execute(ExecChainElement.java:51)
	at org.apache.hc.client5.http.impl.classic.ZapHttpRequestRetryExec.execute(ZapHttpRequestRetryExec.java:81)
	at org.apache.hc.client5.http.impl.classic.ExecChainElement.execute(ExecChainElement.java:51)
	at org.apache.hc.client5.http.impl.classic.ZapInternalHttpClient.doExecute(ZapInternalHttpClient.java:173)
	at org.apache.hc.client5.http.impl.classic.CloseableHttpClient.execute(CloseableHttpClient.java:245)
	at org.apache.hc.client5.http.impl.classic.CloseableHttpClient.execute(CloseableHttpClient.java:188)
	at org.zaproxy.addon.network.internal.client.apachev5.HttpSenderApache.sendImpl0(HttpSenderApache.java:486)
	at org.zaproxy.addon.network.internal.client.apachev5.HttpSenderApache.sendImpl(HttpSenderApache.java:365)
	at org.zaproxy.addon.network.internal.client.apachev5.HttpSenderApache.sendImpl(HttpSenderApache.java:116)
	at org.zaproxy.addon.network.internal.client.BaseHttpSender.sendRateLimited(BaseHttpSender.java:415)
	at org.zaproxy.addon.network.internal.client.BaseHttpSender.sendAuthenticated(BaseHttpSender.java:383)
	at org.zaproxy.addon.network.internal.client.BaseHttpSender.sendNoRedirections(BaseHttpSender.java:351)
	at org.zaproxy.addon.network.internal.client.BaseHttpSender.send(BaseHttpSender.java:307)
	at org.zaproxy.addon.network.internal.client.BaseHttpSender.sendAndReceive(BaseHttpSender.java:278)
	at org.zaproxy.addon.network.internal.client.BaseHttpSender.sendAndReceive(BaseHttpSender.java:234)
	at org.parosproxy.paros.network.HttpSender.sendImpl(HttpSender.java:536)
	at org.parosproxy.paros.network.HttpSender.sendAndReceive(HttpSender.java:529)
	at org.parosproxy.paros.core.scanner.AbstractPlugin.sendMessageImpl(AbstractPlugin.java:344)
	at org.parosproxy.paros.core.scanner.AbstractPlugin.sendAndReceive(AbstractPlugin.java:331)
	at org.parosproxy.paros.core.scanner.AbstractPlugin.sendAndReceive(AbstractPlugin.java:265)
	at org.parosproxy.paros.core.scanner.AbstractPlugin.sendAndReceive(AbstractPlugin.java:238)
	at org.zaproxy.zap.extension.ascanrules.UserAgentScanRule.sendUserAgent(UserAgentScanRule.java:194)
	at org.zaproxy.zap.extension.ascanrules.UserAgentScanRule.attack(UserAgentScanRule.java:183)
	at org.zaproxy.zap.extension.ascanrules.UserAgentScanRule.scan(UserAgentScanRule.java:166)
	at org.parosproxy.paros.core.scanner.AbstractPlugin.run(AbstractPlugin.java:402)
	at java.base/java.lang.Thread.run(Thread.java:1474)
145376 [ZAP-ActiveScanner-2] WARN  org.zaproxy.zap.extension.ascanrules.UserAgentScanRule - No route to host (connect failed)
java.net.NoRouteToHostException: No route to host (connect failed)
	at java.base/sun.nio.ch.Net.pollConnect(Native Method)
	at java.base/sun.nio.ch.Net.pollConnectNow(Net.java:639)
	at java.base/sun.nio.ch.NioSocketImpl.timedFinishConnect(NioSocketImpl.java:550)
	at java.base/sun.nio.ch.NioSocketImpl.connect(NioSocketImpl.java:594)
	at java.base/java.net.SocksSocketImpl.connect(SocksSocketImpl.java:284)
	at java.base/java.net.Socket.connect(Socket.java:659)
	at org.apache.hc.client5.http.socket.PlainConnectionSocketFactory.lambda$connectSocket$0(PlainConnectionSocketFactory.java:85)
	at java.base/java.security.AccessController.doPrivileged(AccessController.java:251)
	at org.apache.hc.client5.http.socket.PlainConnectionSocketFactory.connectSocket(PlainConnectionSocketFactory.java:84)
	at org.apache.hc.client5.http.socket.ConnectionSocketFactory.connectSocket(ConnectionSocketFactory.java:113)
	at org.apache.hc.client5.http.impl.io.DefaultHttpClientConnectionOperator.connect(DefaultHttpClientConnectionOperator.java:181)
	at org.apache.hc.client5.http.impl.io.ZapHttpClientConnectionOperator.connect(ZapHttpClientConnectionOperator.java:95)
	at org.apache.hc.client5.http.impl.io.PoolingHttpClientConnectionManager.connect(PoolingHttpClientConnectionManager.java:447)
	at org.apache.hc.client5.http.impl.classic.InternalExecRuntime.connectEndpoint(InternalExecRuntime.java:162)
	at org.apache.hc.client5.http.impl.classic.InternalExecRuntime.connectEndpoint(InternalExecRuntime.java:172)
	at org.apache.hc.client5.http.impl.classic.ConnectExec.execute(ConnectExec.java:142)
	at org.apache.hc.client5.http.impl.classic.ExecChainElement.execute(ExecChainElement.java:51)
	at org.apache.hc.client5.http.impl.classic.ZapProtocolExec.execute(ZapProtocolExec.java:179)
	at org.apache.hc.client5.http.impl.classic.ExecChainElement.execute(ExecChainElement.java:51)
	at org.apache.hc.client5.http.impl.classic.ZapHttpRequestRetryExec.execute(ZapHttpRequestRetryExec.java:81)
	at org.apache.hc.client5.http.impl.classic.ExecChainElement.execute(ExecChainElement.java:51)
	at org.apache.hc.client5.http.impl.classic.ZapInternalHttpClient.doExecute(ZapInternalHttpClient.java:173)
	at org.apache.hc.client5.http.impl.classic.CloseableHttpClient.execute(CloseableHttpClient.java:245)
	at org.apache.hc.client5.http.impl.classic.CloseableHttpClient.execute(CloseableHttpClient.java:188)
	at org.zaproxy.addon.network.internal.client.apachev5.HttpSenderApache.sendImpl0(HttpSenderApache.java:486)
	at org.zaproxy.addon.network.internal.client.apachev5.HttpSenderApache.sendImpl(HttpSenderApache.java:365)
	at org.zaproxy.addon.network.internal.client.apachev5.HttpSenderApache.sendImpl(HttpSenderApache.java:116)
	at org.zaproxy.addon.network.internal.client.BaseHttpSender.sendRateLimited(BaseHttpSender.java:415)
	at org.zaproxy.addon.network.internal.client.BaseHttpSender.sendAuthenticated(BaseHttpSender.java:383)
	at org.zaproxy.addon.network.internal.client.BaseHttpSender.sendNoRedirections(BaseHttpSender.java:351)
	at org.zaproxy.addon.network.internal.client.BaseHttpSender.send(BaseHttpSender.java:307)
	at org.zaproxy.addon.network.internal.client.BaseHttpSender.sendAndReceive(BaseHttpSender.java:278)
	at org.zaproxy.addon.network.internal.client.BaseHttpSender.sendAndReceive(BaseHttpSender.java:234)
	at org.parosproxy.paros.network.HttpSender.sendImpl(HttpSender.java:536)
	at org.parosproxy.paros.network.HttpSender.sendAndReceive(HttpSender.java:529)
	at org.parosproxy.paros.core.scanner.AbstractPlugin.sendMessageImpl(AbstractPlugin.java:344)
	at org.parosproxy.paros.core.scanner.AbstractPlugin.sendAndReceive(AbstractPlugin.java:331)
	at org.parosproxy.paros.core.scanner.AbstractPlugin.sendAndReceive(AbstractPlugin.java:265)
	at org.parosproxy.paros.core.scanner.AbstractPlugin.sendAndReceive(AbstractPlugin.java:238)
	at org.zaproxy.zap.extension.ascanrules.UserAgentScanRule.sendUserAgent(UserAgentScanRule.java:194)
	at org.zaproxy.zap.extension.ascanrules.UserAgentScanRule.attack(UserAgentScanRule.java:183)
	at org.zaproxy.zap.extension.ascanrules.UserAgentScanRule.scan(UserAgentScanRule.java:166)
	at org.parosproxy.paros.core.scanner.AbstractPlugin.run(AbstractPlugin.java:402)
	at java.base/java.lang.Thread.run(Thread.java:1474)
145373 [ZAP-ActiveScanner-0] WARN  org.zaproxy.zap.extension.ascanrules.UserAgentScanRule - No route to host (connect failed)
java.net.NoRouteToHostException: No route to host (connect failed)
	at java.base/sun.nio.ch.Net.pollConnect(Native Method)
	at java.base/sun.nio.ch.Net.pollConnectNow(Net.java:639)
	at java.base/sun.nio.ch.NioSocketImpl.timedFinishConnect(NioSocketImpl.java:550)
	at java.base/sun.nio.ch.NioSocketImpl.connect(NioSocketImpl.java:594)
	at java.base/java.net.SocksSocketImpl.connect(SocksSocketImpl.java:284)
	at java.base/java.net.Socket.connect(Socket.java:659)
	at org.apache.hc.client5.http.socket.PlainConnectionSocketFactory.lambda$connectSocket$0(PlainConnectionSocketFactory.java:85)
	at java.base/java.security.AccessController.doPrivileged(AccessController.java:251)
	at org.apache.hc.client5.http.socket.PlainConnectionSocketFactory.connectSocket(PlainConnectionSocketFactory.java:84)
	at org.apache.hc.client5.http.socket.ConnectionSocketFactory.connectSocket(ConnectionSocketFactory.java:113)
	at org.apache.hc.client5.http.impl.io.DefaultHttpClientConnectionOperator.connect(DefaultHttpClientConnectionOperator.java:181)
	at org.apache.hc.client5.http.impl.io.ZapHttpClientConnectionOperator.connect(ZapHttpClientConnectionOperator.java:95)
	at org.apache.hc.client5.http.impl.io.PoolingHttpClientConnectionManager.connect(PoolingHttpClientConnectionManager.java:447)
	at org.apache.hc.client5.http.impl.classic.InternalExecRuntime.connectEndpoint(InternalExecRuntime.java:162)
	at org.apache.hc.client5.http.impl.classic.InternalExecRuntime.connectEndpoint(InternalExecRuntime.java:172)
	at org.apache.hc.client5.http.impl.classic.ConnectExec.execute(ConnectExec.java:142)
	at org.apache.hc.client5.http.impl.classic.ExecChainElement.execute(ExecChainElement.java:51)
	at org.apache.hc.client5.http.impl.classic.ZapProtocolExec.execute(ZapProtocolExec.java:179)
	at org.apache.hc.client5.http.impl.classic.ExecChainElement.execute(ExecChainElement.java:51)
	at org.apache.hc.client5.http.impl.classic.ZapHttpRequestRetryExec.execute(ZapHttpRequestRetryExec.java:81)
	at org.apache.hc.client5.http.impl.classic.ExecChainElement.execute(ExecChainElement.java:51)
	at org.apache.hc.client5.http.impl.classic.ZapInternalHttpClient.doExecute(ZapInternalHttpClient.java:173)
	at org.apache.hc.client5.http.impl.classic.CloseableHttpClient.execute(CloseableHttpClient.java:245)
	at org.apache.hc.client5.http.impl.classic.CloseableHttpClient.execute(CloseableHttpClient.java:188)
	at org.zaproxy.addon.network.internal.client.apachev5.HttpSenderApache.sendImpl0(HttpSenderApache.java:486)
	at org.zaproxy.addon.network.internal.client.apachev5.HttpSenderApache.sendImpl(HttpSenderApache.java:365)
	at org.zaproxy.addon.network.internal.client.apachev5.HttpSenderApache.sendImpl(HttpSenderApache.java:116)
	at org.zaproxy.addon.network.internal.client.BaseHttpSender.sendRateLimited(BaseHttpSender.java:415)
	at org.zaproxy.addon.network.internal.client.BaseHttpSender.sendAuthenticated(BaseHttpSender.java:383)
	at org.zaproxy.addon.network.internal.client.BaseHttpSender.sendNoRedirections(BaseHttpSender.java:351)
	at org.zaproxy.addon.network.internal.client.BaseHttpSender.send(BaseHttpSender.java:307)
	at org.zaproxy.addon.network.internal.client.BaseHttpSender.sendAndReceive(BaseHttpSender.java:278)
	at org.zaproxy.addon.network.internal.client.BaseHttpSender.sendAndReceive(BaseHttpSender.java:234)
	at org.parosproxy.paros.network.HttpSender.sendImpl(HttpSender.java:536)
	at org.parosproxy.paros.network.HttpSender.sendAndReceive(HttpSender.java:529)
	at org.parosproxy.paros.core.scanner.AbstractPlugin.sendMessageImpl(AbstractPlugin.java:344)
	at org.parosproxy.paros.core.scanner.AbstractPlugin.sendAndReceive(AbstractPlugin.java:331)
	at org.parosproxy.paros.core.scanner.AbstractPlugin.sendAndReceive(AbstractPlugin.java:265)
	at org.parosproxy.paros.core.scanner.AbstractPlugin.sendAndReceive(AbstractPlugin.java:238)
	at org.zaproxy.zap.extension.ascanrules.UserAgentScanRule.sendUserAgent(UserAgentScanRule.java:194)
	at org.zaproxy.zap.extension.ascanrules.UserAgentScanRule.attack(UserAgentScanRule.java:183)
	at org.zaproxy.zap.extension.ascanrules.UserAgentScanRule.scan(UserAgentScanRule.java:166)
	at org.parosproxy.paros.core.scanner.AbstractPlugin.run(AbstractPlugin.java:402)
	at java.base/java.lang.Thread.run(Thread.java:1474)
148441 [ZAP-ActiveScanner-0] WARN  org.zaproxy.zap.extension.ascanrules.UserAgentScanRule - No route to host (connect failed)
java.net.NoRouteToHostException: No route to host (connect failed)
	at java.base/sun.nio.ch.Net.pollConnect(Native Method)
	at java.base/sun.nio.ch.Net.pollConnectNow(Net.java:639)
	at java.base/sun.nio.ch.NioSocketImpl.timedFinishConnect(NioSocketImpl.java:550)
	at java.base/sun.nio.ch.NioSocketImpl.connect(NioSocketImpl.java:594)
	at java.base/java.net.SocksSocketImpl.connect(SocksSocketImpl.java:284)
	at java.base/java.net.Socket.connect(Socket.java:659)
	at org.apache.hc.client5.http.socket.PlainConnectionSocketFactory.lambda$connectSocket$0(PlainConnectionSocketFactory.java:85)
	at java.base/java.security.AccessController.doPrivileged(AccessController.java:251)
	at org.apache.hc.client5.http.socket.PlainConnectionSocketFactory.connectSocket(PlainConnectionSocketFactory.java:84)
	at org.apache.hc.client5.http.socket.ConnectionSocketFactory.connectSocket(ConnectionSocketFactory.java:113)
	at org.apache.hc.client5.http.impl.io.DefaultHttpClientConnectionOperator.connect(DefaultHttpClientConnectionOperator.java:181)
	at org.apache.hc.client5.http.impl.io.ZapHttpClientConnectionOperator.connect(ZapHttpClientConnectionOperator.java:95)
	at org.apache.hc.client5.http.impl.io.PoolingHttpClientConnectionManager.connect(PoolingHttpClientConnectionManager.java:447)
	at org.apache.hc.client5.http.impl.classic.InternalExecRuntime.connectEndpoint(InternalExecRuntime.java:162)
	at org.apache.hc.client5.http.impl.classic.InternalExecRuntime.connectEndpoint(InternalExecRuntime.java:172)
	at org.apache.hc.client5.http.impl.classic.ConnectExec.execute(ConnectExec.java:142)
	at org.apache.hc.client5.http.impl.classic.ExecChainElement.execute(ExecChainElement.java:51)
	at org.apache.hc.client5.http.impl.classic.ZapProtocolExec.execute(ZapProtocolExec.java:179)
	at org.apache.hc.client5.http.impl.classic.ExecChainElement.execute(ExecChainElement.java:51)
	at org.apache.hc.client5.http.impl.classic.ZapHttpRequestRetryExec.execute(ZapHttpRequestRetryExec.java:81)
	at org.apache.hc.client5.http.impl.classic.ExecChainElement.execute(ExecChainElement.java:51)
	at org.apache.hc.client5.http.impl.classic.ZapInternalHttpClient.doExecute(ZapInternalHttpClient.java:173)
	at org.apache.hc.client5.http.impl.classic.CloseableHttpClient.execute(CloseableHttpClient.java:245)
	at org.apache.hc.client5.http.impl.classic.CloseableHttpClient.execute(CloseableHttpClient.java:188)
	at org.zaproxy.addon.network.internal.client.apachev5.HttpSenderApache.sendImpl0(HttpSenderApache.java:486)
	at org.zaproxy.addon.network.internal.client.apachev5.HttpSenderApache.sendImpl(HttpSenderApache.java:365)
	at org.zaproxy.addon.network.internal.client.apachev5.HttpSenderApache.sendImpl(HttpSenderApache.java:116)
	at org.zaproxy.addon.network.internal.client.BaseHttpSender.sendRateLimited(BaseHttpSender.java:415)
	at org.zaproxy.addon.network.internal.client.BaseHttpSender.sendAuthenticated(BaseHttpSender.java:383)
	at org.zaproxy.addon.network.internal.client.BaseHttpSender.sendNoRedirections(BaseHttpSender.java:351)
	at org.zaproxy.addon.network.internal.client.BaseHttpSender.send(BaseHttpSender.java:307)
	at org.zaproxy.addon.network.internal.client.BaseHttpSender.sendAndReceive(BaseHttpSender.java:278)
	at org.zaproxy.addon.network.internal.client.BaseHttpSender.sendAndReceive(BaseHttpSender.java:234)
	at org.parosproxy.paros.network.HttpSender.sendImpl(HttpSender.java:536)
	at org.parosproxy.paros.network.HttpSender.sendAndReceive(HttpSender.java:529)
	at org.parosproxy.paros.core.scanner.AbstractPlugin.sendMessageImpl(AbstractPlugin.java:344)
	at org.parosproxy.paros.core.scanner.AbstractPlugin.sendAndReceive(AbstractPlugin.java:331)
	at org.parosproxy.paros.core.scanner.AbstractPlugin.sendAndReceive(AbstractPlugin.java:265)
	at org.parosproxy.paros.core.scanner.AbstractPlugin.sendAndReceive(AbstractPlugin.java:238)
	at org.zaproxy.zap.extension.ascanrules.UserAgentScanRule.sendUserAgent(UserAgentScanRule.java:194)
	at org.zaproxy.zap.extension.ascanrules.UserAgentScanRule.attack(UserAgentScanRule.java:183)
	at org.zaproxy.zap.extension.ascanrules.UserAgentScanRule.scan(UserAgentScanRule.java:166)
	at org.parosproxy.paros.core.scanner.AbstractPlugin.run(AbstractPlugin.java:402)
	at java.base/java.lang.Thread.run(Thread.java:1474)
148441 [ZAP-ActiveScanner-2] WARN  org.zaproxy.zap.extension.ascanrules.UserAgentScanRule - No route to host (connect failed)
java.net.NoRouteToHostException: No route to host (connect failed)
	at java.base/sun.nio.ch.Net.pollConnect(Native Method)
	at java.base/sun.nio.ch.Net.pollConnectNow(Net.java:639)
	at java.base/sun.nio.ch.NioSocketImpl.timedFinishConnect(NioSocketImpl.java:550)
	at java.base/sun.nio.ch.NioSocketImpl.connect(NioSocketImpl.java:594)
	at java.base/java.net.SocksSocketImpl.connect(SocksSocketImpl.java:284)
	at java.base/java.net.Socket.connect(Socket.java:659)
	at org.apache.hc.client5.http.socket.PlainConnectionSocketFactory.lambda$connectSocket$0(PlainConnectionSocketFactory.java:85)
	at java.base/java.security.AccessController.doPrivileged(AccessController.java:251)
	at org.apache.hc.client5.http.socket.PlainConnectionSocketFactory.connectSocket(PlainConnectionSocketFactory.java:84)
	at org.apache.hc.client5.http.socket.ConnectionSocketFactory.connectSocket(ConnectionSocketFactory.java:113)
	at org.apache.hc.client5.http.impl.io.DefaultHttpClientConnectionOperator.connect(DefaultHttpClientConnectionOperator.java:181)
	at org.apache.hc.client5.http.impl.io.ZapHttpClientConnectionOperator.connect(ZapHttpClientConnectionOperator.java:95)
	at org.apache.hc.client5.http.impl.io.PoolingHttpClientConnectionManager.connect(PoolingHttpClientConnectionManager.java:447)
	at org.apache.hc.client5.http.impl.classic.InternalExecRuntime.connectEndpoint(InternalExecRuntime.java:162)
	at org.apache.hc.client5.http.impl.classic.InternalExecRuntime.connectEndpoint(InternalExecRuntime.java:172)
	at org.apache.hc.client5.http.impl.classic.ConnectExec.execute(ConnectExec.java:142)
	at org.apache.hc.client5.http.impl.classic.ExecChainElement.execute(ExecChainElement.java:51)
	at org.apache.hc.client5.http.impl.classic.ZapProtocolExec.execute(ZapProtocolExec.java:179)
	at org.apache.hc.client5.http.impl.classic.ExecChainElement.execute(ExecChainElement.java:51)
	at org.apache.hc.client5.http.impl.classic.ZapHttpRequestRetryExec.execute(ZapHttpRequestRetryExec.java:81)
	at org.apache.hc.client5.http.impl.classic.ExecChainElement.execute(ExecChainElement.java:51)
	at org.apache.hc.client5.http.impl.classic.ZapInternalHttpClient.doExecute(ZapInternalHttpClient.java:173)
	at org.apache.hc.client5.http.impl.classic.CloseableHttpClient.execute(CloseableHttpClient.java:245)
	at org.apache.hc.client5.http.impl.classic.CloseableHttpClient.execute(CloseableHttpClient.java:188)
	at org.zaproxy.addon.network.internal.client.apachev5.HttpSenderApache.sendImpl0(HttpSenderApache.java:486)
	at org.zaproxy.addon.network.internal.client.apachev5.HttpSenderApache.sendImpl(HttpSenderApache.java:365)
	at org.zaproxy.addon.network.internal.client.apachev5.HttpSenderApache.sendImpl(HttpSenderApache.java:116)
	at org.zaproxy.addon.network.internal.client.BaseHttpSender.sendRateLimited(BaseHttpSender.java:415)
	at org.zaproxy.addon.network.internal.client.BaseHttpSender.sendAuthenticated(BaseHttpSender.java:383)
	at org.zaproxy.addon.network.internal.client.BaseHttpSender.sendNoRedirections(BaseHttpSender.java:351)
	at org.zaproxy.addon.network.internal.client.BaseHttpSender.send(BaseHttpSender.java:307)
	at org.zaproxy.addon.network.internal.client.BaseHttpSender.sendAndReceive(BaseHttpSender.java:278)
	at org.zaproxy.addon.network.internal.client.BaseHttpSender.sendAndReceive(BaseHttpSender.java:234)
	at org.parosproxy.paros.network.HttpSender.sendImpl(HttpSender.java:536)
	at org.parosproxy.paros.network.HttpSender.sendAndReceive(HttpSender.java:529)
	at org.parosproxy.paros.core.scanner.AbstractPlugin.sendMessageImpl(AbstractPlugin.java:344)
	at org.parosproxy.paros.core.scanner.AbstractPlugin.sendAndReceive(AbstractPlugin.java:331)
	at org.parosproxy.paros.core.scanner.AbstractPlugin.sendAndReceive(AbstractPlugin.java:265)
	at org.parosproxy.paros.core.scanner.AbstractPlugin.sendAndReceive(AbstractPlugin.java:238)
	at org.zaproxy.zap.extension.ascanrules.UserAgentScanRule.sendUserAgent(UserAgentScanRule.java:194)
	at org.zaproxy.zap.extension.ascanrules.UserAgentScanRule.attack(UserAgentScanRule.java:183)
	at org.zaproxy.zap.extension.ascanrules.UserAgentScanRule.scan(UserAgentScanRule.java:166)
	at org.parosproxy.paros.core.scanner.AbstractPlugin.run(AbstractPlugin.java:402)
	at java.base/java.lang.Thread.run(Thread.java:1474)
148442 [ZAP-ActiveScanner-1] WARN  org.zaproxy.zap.extension.ascanrules.UserAgentScanRule - No route to host (connect failed)
java.net.NoRouteToHostException: No route to host (connect failed)
	at java.base/sun.nio.ch.Net.pollConnect(Native Method)
	at java.base/sun.nio.ch.Net.pollConnectNow(Net.java:639)
	at java.base/sun.nio.ch.NioSocketImpl.timedFinishConnect(NioSocketImpl.java:550)
	at java.base/sun.nio.ch.NioSocketImpl.connect(NioSocketImpl.java:594)
	at java.base/java.net.SocksSocketImpl.connect(SocksSocketImpl.java:284)
	at java.base/java.net.Socket.connect(Socket.java:659)
	at org.apache.hc.client5.http.socket.PlainConnectionSocketFactory.lambda$connectSocket$0(PlainConnectionSocketFactory.java:85)
	at java.base/java.security.AccessController.doPrivileged(AccessController.java:251)
	at org.apache.hc.client5.http.socket.PlainConnectionSocketFactory.connectSocket(PlainConnectionSocketFactory.java:84)
	at org.apache.hc.client5.http.socket.ConnectionSocketFactory.connectSocket(ConnectionSocketFactory.java:113)
	at org.apache.hc.client5.http.impl.io.DefaultHttpClientConnectionOperator.connect(DefaultHttpClientConnectionOperator.java:181)
	at org.apache.hc.client5.http.impl.io.ZapHttpClientConnectionOperator.connect(ZapHttpClientConnectionOperator.java:95)
	at org.apache.hc.client5.http.impl.io.PoolingHttpClientConnectionManager.connect(PoolingHttpClientConnectionManager.java:447)
	at org.apache.hc.client5.http.impl.classic.InternalExecRuntime.connectEndpoint(InternalExecRuntime.java:162)
	at org.apache.hc.client5.http.impl.classic.InternalExecRuntime.connectEndpoint(InternalExecRuntime.java:172)
	at org.apache.hc.client5.http.impl.classic.ConnectExec.execute(ConnectExec.java:142)
	at org.apache.hc.client5.http.impl.classic.ExecChainElement.execute(ExecChainElement.java:51)
	at org.apache.hc.client5.http.impl.classic.ZapProtocolExec.execute(ZapProtocolExec.java:179)
	at org.apache.hc.client5.http.impl.classic.ExecChainElement.execute(ExecChainElement.java:51)
	at org.apache.hc.client5.http.impl.classic.ZapHttpRequestRetryExec.execute(ZapHttpRequestRetryExec.java:81)
	at org.apache.hc.client5.http.impl.classic.ExecChainElement.execute(ExecChainElement.java:51)
	at org.apache.hc.client5.http.impl.classic.ZapInternalHttpClient.doExecute(ZapInternalHttpClient.java:173)
	at org.apache.hc.client5.http.impl.classic.CloseableHttpClient.execute(CloseableHttpClient.java:245)
	at org.apache.hc.client5.http.impl.classic.CloseableHttpClient.execute(CloseableHttpClient.java:188)
	at org.zaproxy.addon.network.internal.client.apachev5.HttpSenderApache.sendImpl0(HttpSenderApache.java:486)
	at org.zaproxy.addon.network.internal.client.apachev5.HttpSenderApache.sendImpl(HttpSenderApache.java:365)
	at org.zaproxy.addon.network.internal.client.apachev5.HttpSenderApache.sendImpl(HttpSenderApache.java:116)
	at org.zaproxy.addon.network.internal.client.BaseHttpSender.sendRateLimited(BaseHttpSender.java:415)
	at org.zaproxy.addon.network.internal.client.BaseHttpSender.sendAuthenticated(BaseHttpSender.java:383)
	at org.zaproxy.addon.network.internal.client.BaseHttpSender.sendNoRedirections(BaseHttpSender.java:351)
	at org.zaproxy.addon.network.internal.client.BaseHttpSender.send(BaseHttpSender.java:307)
	at org.zaproxy.addon.network.internal.client.BaseHttpSender.sendAndReceive(BaseHttpSender.java:278)
	at org.zaproxy.addon.network.internal.client.BaseHttpSender.sendAndReceive(BaseHttpSender.java:234)
	at org.parosproxy.paros.network.HttpSender.sendImpl(HttpSender.java:536)
	at org.parosproxy.paros.network.HttpSender.sendAndReceive(HttpSender.java:529)
	at org.parosproxy.paros.core.scanner.AbstractPlugin.sendMessageImpl(AbstractPlugin.java:344)
	at org.parosproxy.paros.core.scanner.AbstractPlugin.sendAndReceive(AbstractPlugin.java:331)
	at org.parosproxy.paros.core.scanner.AbstractPlugin.sendAndReceive(AbstractPlugin.java:265)
	at org.parosproxy.paros.core.scanner.AbstractPlugin.sendAndReceive(AbstractPlugin.java:238)
	at org.zaproxy.zap.extension.ascanrules.UserAgentScanRule.sendUserAgent(UserAgentScanRule.java:194)
	at org.zaproxy.zap.extension.ascanrules.UserAgentScanRule.attack(UserAgentScanRule.java:183)
	at org.zaproxy.zap.extension.ascanrules.UserAgentScanRule.scan(UserAgentScanRule.java:166)
	at org.parosproxy.paros.core.scanner.AbstractPlugin.run(AbstractPlugin.java:402)
	at java.base/java.lang.Thread.run(Thread.java:1474)
151513 [ZAP-ActiveScanner-2] WARN  org.zaproxy.zap.extension.ascanrules.UserAgentScanRule - No route to host (connect failed)
java.net.NoRouteToHostException: No route to host (connect failed)
	at java.base/sun.nio.ch.Net.pollConnect(Native Method)
	at java.base/sun.nio.ch.Net.pollConnectNow(Net.java:639)
	at java.base/sun.nio.ch.NioSocketImpl.timedFinishConnect(NioSocketImpl.java:550)
	at java.base/sun.nio.ch.NioSocketImpl.connect(NioSocketImpl.java:594)
	at java.base/java.net.SocksSocketImpl.connect(SocksSocketImpl.java:284)
	at java.base/java.net.Socket.connect(Socket.java:659)
	at org.apache.hc.client5.http.socket.PlainConnectionSocketFactory.lambda$connectSocket$0(PlainConnectionSocketFactory.java:85)
	at java.base/java.security.AccessController.doPrivileged(AccessController.java:251)
	at org.apache.hc.client5.http.socket.PlainConnectionSocketFactory.connectSocket(PlainConnectionSocketFactory.java:84)
	at org.apache.hc.client5.http.socket.ConnectionSocketFactory.connectSocket(ConnectionSocketFactory.java:113)
	at org.apache.hc.client5.http.impl.io.DefaultHttpClientConnectionOperator.connect(DefaultHttpClientConnectionOperator.java:181)
	at org.apache.hc.client5.http.impl.io.ZapHttpClientConnectionOperator.connect(ZapHttpClientConnectionOperator.java:95)
	at org.apache.hc.client5.http.impl.io.PoolingHttpClientConnectionManager.connect(PoolingHttpClientConnectionManager.java:447)
	at org.apache.hc.client5.http.impl.classic.InternalExecRuntime.connectEndpoint(InternalExecRuntime.java:162)
	at org.apache.hc.client5.http.impl.classic.InternalExecRuntime.connectEndpoint(InternalExecRuntime.java:172)
	at org.apache.hc.client5.http.impl.classic.ConnectExec.execute(ConnectExec.java:142)
	at org.apache.hc.client5.http.impl.classic.ExecChainElement.execute(ExecChainElement.java:51)
	at org.apache.hc.client5.http.impl.classic.ZapProtocolExec.execute(ZapProtocolExec.java:179)
	at org.apache.hc.client5.http.impl.classic.ExecChainElement.execute(ExecChainElement.java:51)
	at org.apache.hc.client5.http.impl.classic.ZapHttpRequestRetryExec.execute(ZapHttpRequestRetryExec.java:81)
	at org.apache.hc.client5.http.impl.classic.ExecChainElement.execute(ExecChainElement.java:51)
	at org.apache.hc.client5.http.impl.classic.ZapInternalHttpClient.doExecute(ZapInternalHttpClient.java:173)
	at org.apache.hc.client5.http.impl.classic.CloseableHttpClient.execute(CloseableHttpClient.java:245)
	at org.apache.hc.client5.http.impl.classic.CloseableHttpClient.execute(CloseableHttpClient.java:188)
	at org.zaproxy.addon.network.internal.client.apachev5.HttpSenderApache.sendImpl0(HttpSenderApache.java:486)
	at org.zaproxy.addon.network.internal.client.apachev5.HttpSenderApache.sendImpl(HttpSenderApache.java:365)
	at org.zaproxy.addon.network.internal.client.apachev5.HttpSenderApache.sendImpl(HttpSenderApache.java:116)
	at org.zaproxy.addon.network.internal.client.BaseHttpSender.sendRateLimited(BaseHttpSender.java:415)
	at org.zaproxy.addon.network.internal.client.BaseHttpSender.sendAuthenticated(BaseHttpSender.java:383)
	at org.zaproxy.addon.network.internal.client.BaseHttpSender.sendNoRedirections(BaseHttpSender.java:351)
	at org.zaproxy.addon.network.internal.client.BaseHttpSender.send(BaseHttpSender.java:307)
	at org.zaproxy.addon.network.internal.client.BaseHttpSender.sendAndReceive(BaseHttpSender.java:278)
	at org.zaproxy.addon.network.internal.client.BaseHttpSender.sendAndReceive(BaseHttpSender.java:234)
	at org.parosproxy.paros.network.HttpSender.sendImpl(HttpSender.java:536)
	at org.parosproxy.paros.network.HttpSender.sendAndReceive(HttpSender.java:529)
	at org.parosproxy.paros.core.scanner.AbstractPlugin.sendMessageImpl(AbstractPlugin.java:344)
	at org.parosproxy.paros.core.scanner.AbstractPlugin.sendAndReceive(AbstractPlugin.java:331)
	at org.parosproxy.paros.core.scanner.AbstractPlugin.sendAndReceive(AbstractPlugin.java:265)
	at org.parosproxy.paros.core.scanner.AbstractPlugin.sendAndReceive(AbstractPlugin.java:238)
	at org.zaproxy.zap.extension.ascanrules.UserAgentScanRule.sendUserAgent(UserAgentScanRule.java:194)
	at org.zaproxy.zap.extension.ascanrules.UserAgentScanRule.attack(UserAgentScanRule.java:183)
	at org.zaproxy.zap.extension.ascanrules.UserAgentScanRule.scan(UserAgentScanRule.java:166)
	at org.parosproxy.paros.core.scanner.AbstractPlugin.run(AbstractPlugin.java:402)
	at java.base/java.lang.Thread.run(Thread.java:1474)
151513 [ZAP-ActiveScanner-0] WARN  org.zaproxy.zap.extension.ascanrules.UserAgentScanRule - No route to host (connect failed)
java.net.NoRouteToHostException: No route to host (connect failed)
	at java.base/sun.nio.ch.Net.pollConnect(Native Method)
	at java.base/sun.nio.ch.Net.pollConnectNow(Net.java:639)
	at java.base/sun.nio.ch.NioSocketImpl.timedFinishConnect(NioSocketImpl.java:550)
	at java.base/sun.nio.ch.NioSocketImpl.connect(NioSocketImpl.java:594)
	at java.base/java.net.SocksSocketImpl.connect(SocksSocketImpl.java:284)
	at java.base/java.net.Socket.connect(Socket.java:659)
	at org.apache.hc.client5.http.socket.PlainConnectionSocketFactory.lambda$connectSocket$0(PlainConnectionSocketFactory.java:85)
	at java.base/java.security.AccessController.doPrivileged(AccessController.java:251)
	at org.apache.hc.client5.http.socket.PlainConnectionSocketFactory.connectSocket(PlainConnectionSocketFactory.java:84)
	at org.apache.hc.client5.http.socket.ConnectionSocketFactory.connectSocket(ConnectionSocketFactory.java:113)
	at org.apache.hc.client5.http.impl.io.DefaultHttpClientConnectionOperator.connect(DefaultHttpClientConnectionOperator.java:181)
	at org.apache.hc.client5.http.impl.io.ZapHttpClientConnectionOperator.connect(ZapHttpClientConnectionOperator.java:95)
	at org.apache.hc.client5.http.impl.io.PoolingHttpClientConnectionManager.connect(PoolingHttpClientConnectionManager.java:447)
	at org.apache.hc.client5.http.impl.classic.InternalExecRuntime.connectEndpoint(InternalExecRuntime.java:162)
	at org.apache.hc.client5.http.impl.classic.InternalExecRuntime.connectEndpoint(InternalExecRuntime.java:172)
	at org.apache.hc.client5.http.impl.classic.ConnectExec.execute(ConnectExec.java:142)
	at org.apache.hc.client5.http.impl.classic.ExecChainElement.execute(ExecChainElement.java:51)
	at org.apache.hc.client5.http.impl.classic.ZapProtocolExec.execute(ZapProtocolExec.java:179)
	at org.apache.hc.client5.http.impl.classic.ExecChainElement.execute(ExecChainElement.java:51)
	at org.apache.hc.client5.http.impl.classic.ZapHttpRequestRetryExec.execute(ZapHttpRequestRetryExec.java:81)
	at org.apache.hc.client5.http.impl.classic.ExecChainElement.execute(ExecChainElement.java:51)
	at org.apache.hc.client5.http.impl.classic.ZapInternalHttpClient.doExecute(ZapInternalHttpClient.java:173)
	at org.apache.hc.client5.http.impl.classic.CloseableHttpClient.execute(CloseableHttpClient.java:245)
	at org.apache.hc.client5.http.impl.classic.CloseableHttpClient.execute(CloseableHttpClient.java:188)
	at org.zaproxy.addon.network.internal.client.apachev5.HttpSenderApache.sendImpl0(HttpSenderApache.java:486)
	at org.zaproxy.addon.network.internal.client.apachev5.HttpSenderApache.sendImpl(HttpSenderApache.java:365)
	at org.zaproxy.addon.network.internal.client.apachev5.HttpSenderApache.sendImpl(HttpSenderApache.java:116)
	at org.zaproxy.addon.network.internal.client.BaseHttpSender.sendRateLimited(BaseHttpSender.java:415)
	at org.zaproxy.addon.network.internal.client.BaseHttpSender.sendAuthenticated(BaseHttpSender.java:383)
	at org.zaproxy.addon.network.internal.client.BaseHttpSender.sendNoRedirections(BaseHttpSender.java:351)
	at org.zaproxy.addon.network.internal.client.BaseHttpSender.send(BaseHttpSender.java:307)
	at org.zaproxy.addon.network.internal.client.BaseHttpSender.sendAndReceive(BaseHttpSender.java:278)
	at org.zaproxy.addon.network.internal.client.BaseHttpSender.sendAndReceive(BaseHttpSender.java:234)
	at org.parosproxy.paros.network.HttpSender.sendImpl(HttpSender.java:536)
	at org.parosproxy.paros.network.HttpSender.sendAndReceive(HttpSender.java:529)
	at org.parosproxy.paros.core.scanner.AbstractPlugin.sendMessageImpl(AbstractPlugin.java:344)
	at org.parosproxy.paros.core.scanner.AbstractPlugin.sendAndReceive(AbstractPlugin.java:331)
	at org.parosproxy.paros.core.scanner.AbstractPlugin.sendAndReceive(AbstractPlugin.java:265)
	at org.parosproxy.paros.core.scanner.AbstractPlugin.sendAndReceive(AbstractPlugin.java:238)
	at org.zaproxy.zap.extension.ascanrules.UserAgentScanRule.sendUserAgent(UserAgentScanRule.java:194)
	at org.zaproxy.zap.extension.ascanrules.UserAgentScanRule.attack(UserAgentScanRule.java:183)
	at org.zaproxy.zap.extension.ascanrules.UserAgentScanRule.scan(UserAgentScanRule.java:166)
	at org.parosproxy.paros.core.scanner.AbstractPlugin.run(AbstractPlugin.java:402)
	at java.base/java.lang.Thread.run(Thread.java:1474)
151514 [ZAP-ActiveScanner-1] WARN  org.zaproxy.zap.extension.ascanrules.UserAgentScanRule - No route to host (connect failed)
java.net.NoRouteToHostException: No route to host (connect failed)
	at java.base/sun.nio.ch.Net.pollConnect(Native Method)
	at java.base/sun.nio.ch.Net.pollConnectNow(Net.java:639)
	at java.base/sun.nio.ch.NioSocketImpl.timedFinishConnect(NioSocketImpl.java:550)
	at java.base/sun.nio.ch.NioSocketImpl.connect(NioSocketImpl.java:594)
	at java.base/java.net.SocksSocketImpl.connect(SocksSocketImpl.java:284)
	at java.base/java.net.Socket.connect(Socket.java:659)
	at org.apache.hc.client5.http.socket.PlainConnectionSocketFactory.lambda$connectSocket$0(PlainConnectionSocketFactory.java:85)
	at java.base/java.security.AccessController.doPrivileged(AccessController.java:251)
	at org.apache.hc.client5.http.socket.PlainConnectionSocketFactory.connectSocket(PlainConnectionSocketFactory.java:84)
	at org.apache.hc.client5.http.socket.ConnectionSocketFactory.connectSocket(ConnectionSocketFactory.java:113)
	at org.apache.hc.client5.http.impl.io.DefaultHttpClientConnectionOperator.connect(DefaultHttpClientConnectionOperator.java:181)
	at org.apache.hc.client5.http.impl.io.ZapHttpClientConnectionOperator.connect(ZapHttpClientConnectionOperator.java:95)
	at org.apache.hc.client5.http.impl.io.PoolingHttpClientConnectionManager.connect(PoolingHttpClientConnectionManager.java:447)
	at org.apache.hc.client5.http.impl.classic.InternalExecRuntime.connectEndpoint(InternalExecRuntime.java:162)
	at org.apache.hc.client5.http.impl.classic.InternalExecRuntime.connectEndpoint(InternalExecRuntime.java:172)
	at org.apache.hc.client5.http.impl.classic.ConnectExec.execute(ConnectExec.java:142)
	at org.apache.hc.client5.http.impl.classic.ExecChainElement.execute(ExecChainElement.java:51)
	at org.apache.hc.client5.http.impl.classic.ZapProtocolExec.execute(ZapProtocolExec.java:179)
	at org.apache.hc.client5.http.impl.classic.ExecChainElement.execute(ExecChainElement.java:51)
	at org.apache.hc.client5.http.impl.classic.ZapHttpRequestRetryExec.execute(ZapHttpRequestRetryExec.java:81)
	at org.apache.hc.client5.http.impl.classic.ExecChainElement.execute(ExecChainElement.java:51)
	at org.apache.hc.client5.http.impl.classic.ZapInternalHttpClient.doExecute(ZapInternalHttpClient.java:173)
	at org.apache.hc.client5.http.impl.classic.CloseableHttpClient.execute(CloseableHttpClient.java:245)
	at org.apache.hc.client5.http.impl.classic.CloseableHttpClient.execute(CloseableHttpClient.java:188)
	at org.zaproxy.addon.network.internal.client.apachev5.HttpSenderApache.sendImpl0(HttpSenderApache.java:486)
	at org.zaproxy.addon.network.internal.client.apachev5.HttpSenderApache.sendImpl(HttpSenderApache.java:365)
	at org.zaproxy.addon.network.internal.client.apachev5.HttpSenderApache.sendImpl(HttpSenderApache.java:116)
	at org.zaproxy.addon.network.internal.client.BaseHttpSender.sendRateLimited(BaseHttpSender.java:415)
	at org.zaproxy.addon.network.internal.client.BaseHttpSender.sendAuthenticated(BaseHttpSender.java:383)
	at org.zaproxy.addon.network.internal.client.BaseHttpSender.sendNoRedirections(BaseHttpSender.java:351)
	at org.zaproxy.addon.network.internal.client.BaseHttpSender.send(BaseHttpSender.java:307)
	at org.zaproxy.addon.network.internal.client.BaseHttpSender.sendAndReceive(BaseHttpSender.java:278)
	at org.zaproxy.addon.network.internal.client.BaseHttpSender.sendAndReceive(BaseHttpSender.java:234)
	at org.parosproxy.paros.network.HttpSender.sendImpl(HttpSender.java:536)
	at org.parosproxy.paros.network.HttpSender.sendAndReceive(HttpSender.java:529)
	at org.parosproxy.paros.core.scanner.AbstractPlugin.sendMessageImpl(AbstractPlugin.java:344)
	at org.parosproxy.paros.core.scanner.AbstractPlugin.sendAndReceive(AbstractPlugin.java:331)
	at org.parosproxy.paros.core.scanner.AbstractPlugin.sendAndReceive(AbstractPlugin.java:265)
	at org.parosproxy.paros.core.scanner.AbstractPlugin.sendAndReceive(AbstractPlugin.java:238)
	at org.zaproxy.zap.extension.ascanrules.UserAgentScanRule.sendUserAgent(UserAgentScanRule.java:194)
	at org.zaproxy.zap.extension.ascanrules.UserAgentScanRule.attack(UserAgentScanRule.java:183)
	at org.zaproxy.zap.extension.ascanrules.UserAgentScanRule.scan(UserAgentScanRule.java:166)
	at org.parosproxy.paros.core.scanner.AbstractPlugin.run(AbstractPlugin.java:402)
	at java.base/java.lang.Thread.run(Thread.java:1474)
154585 [ZAP-ActiveScanner-1] WARN  org.zaproxy.zap.extension.ascanrules.UserAgentScanRule - No route to host (connect failed)
java.net.NoRouteToHostException: No route to host (connect failed)
	at java.base/sun.nio.ch.Net.pollConnect(Native Method)
	at java.base/sun.nio.ch.Net.pollConnectNow(Net.java:639)
	at java.base/sun.nio.ch.NioSocketImpl.timedFinishConnect(NioSocketImpl.java:550)
	at java.base/sun.nio.ch.NioSocketImpl.connect(NioSocketImpl.java:594)
	at java.base/java.net.SocksSocketImpl.connect(SocksSocketImpl.java:284)
	at java.base/java.net.Socket.connect(Socket.java:659)
	at org.apache.hc.client5.http.socket.PlainConnectionSocketFactory.lambda$connectSocket$0(PlainConnectionSocketFactory.java:85)
	at java.base/java.security.AccessController.doPrivileged(AccessController.java:251)
	at org.apache.hc.client5.http.socket.PlainConnectionSocketFactory.connectSocket(PlainConnectionSocketFactory.java:84)
	at org.apache.hc.client5.http.socket.ConnectionSocketFactory.connectSocket(ConnectionSocketFactory.java:113)
	at org.apache.hc.client5.http.impl.io.DefaultHttpClientConnectionOperator.connect(DefaultHttpClientConnectionOperator.java:181)
	at org.apache.hc.client5.http.impl.io.ZapHttpClientConnectionOperator.connect(ZapHttpClientConnectionOperator.java:95)
	at org.apache.hc.client5.http.impl.io.PoolingHttpClientConnectionManager.connect(PoolingHttpClientConnectionManager.java:447)
	at org.apache.hc.client5.http.impl.classic.InternalExecRuntime.connectEndpoint(InternalExecRuntime.java:162)
	at org.apache.hc.client5.http.impl.classic.InternalExecRuntime.connectEndpoint(InternalExecRuntime.java:172)
	at org.apache.hc.client5.http.impl.classic.ConnectExec.execute(ConnectExec.java:142)
	at org.apache.hc.client5.http.impl.classic.ExecChainElement.execute(ExecChainElement.java:51)
	at org.apache.hc.client5.http.impl.classic.ZapProtocolExec.execute(ZapProtocolExec.java:179)
	at org.apache.hc.client5.http.impl.classic.ExecChainElement.execute(ExecChainElement.java:51)
	at org.apache.hc.client5.http.impl.classic.ZapHttpRequestRetryExec.execute(ZapHttpRequestRetryExec.java:81)
	at org.apache.hc.client5.http.impl.classic.ExecChainElement.execute(ExecChainElement.java:51)
	at org.apache.hc.client5.http.impl.classic.ZapInternalHttpClient.doExecute(ZapInternalHttpClient.java:173)
	at org.apache.hc.client5.http.impl.classic.CloseableHttpClient.execute(CloseableHttpClient.java:245)
	at org.apache.hc.client5.http.impl.classic.CloseableHttpClient.execute(CloseableHttpClient.java:188)
	at org.zaproxy.addon.network.internal.client.apachev5.HttpSenderApache.sendImpl0(HttpSenderApache.java:486)
	at org.zaproxy.addon.network.internal.client.apachev5.HttpSenderApache.sendImpl(HttpSenderApache.java:365)
	at org.zaproxy.addon.network.internal.client.apachev5.HttpSenderApache.sendImpl(HttpSenderApache.java:116)
	at org.zaproxy.addon.network.internal.client.BaseHttpSender.sendRateLimited(BaseHttpSender.java:415)
	at org.zaproxy.addon.network.internal.client.BaseHttpSender.sendAuthenticated(BaseHttpSender.java:383)
	at org.zaproxy.addon.network.internal.client.BaseHttpSender.sendNoRedirections(BaseHttpSender.java:351)
	at org.zaproxy.addon.network.internal.client.BaseHttpSender.send(BaseHttpSender.java:307)
	at org.zaproxy.addon.network.internal.client.BaseHttpSender.sendAndReceive(BaseHttpSender.java:278)
	at org.zaproxy.addon.network.internal.client.BaseHttpSender.sendAndReceive(BaseHttpSender.java:234)
	at org.parosproxy.paros.network.HttpSender.sendImpl(HttpSender.java:536)
	at org.parosproxy.paros.network.HttpSender.sendAndReceive(HttpSender.java:529)
	at org.parosproxy.paros.core.scanner.AbstractPlugin.sendMessageImpl(AbstractPlugin.java:344)
	at org.parosproxy.paros.core.scanner.AbstractPlugin.sendAndReceive(AbstractPlugin.java:331)
	at org.parosproxy.paros.core.scanner.AbstractPlugin.sendAndReceive(AbstractPlugin.java:265)
	at org.parosproxy.paros.core.scanner.AbstractPlugin.sendAndReceive(AbstractPlugin.java:238)
	at org.zaproxy.zap.extension.ascanrules.UserAgentScanRule.sendUserAgent(UserAgentScanRule.java:194)
	at org.zaproxy.zap.extension.ascanrules.UserAgentScanRule.attack(UserAgentScanRule.java:183)
	at org.zaproxy.zap.extension.ascanrules.UserAgentScanRule.scan(UserAgentScanRule.java:166)
	at org.parosproxy.paros.core.scanner.AbstractPlugin.run(AbstractPlugin.java:402)
	at java.base/java.lang.Thread.run(Thread.java:1474)
154585 [ZAP-ActiveScanner-0] WARN  org.zaproxy.zap.extension.ascanrules.UserAgentScanRule - No route to host (connect failed)
java.net.NoRouteToHostException: No route to host (connect failed)
	at java.base/sun.nio.ch.Net.pollConnect(Native Method)
	at java.base/sun.nio.ch.Net.pollConnectNow(Net.java:639)
	at java.base/sun.nio.ch.NioSocketImpl.timedFinishConnect(NioSocketImpl.java:550)
	at java.base/sun.nio.ch.NioSocketImpl.connect(NioSocketImpl.java:594)
	at java.base/java.net.SocksSocketImpl.connect(SocksSocketImpl.java:284)
	at java.base/java.net.Socket.connect(Socket.java:659)
	at org.apache.hc.client5.http.socket.PlainConnectionSocketFactory.lambda$connectSocket$0(PlainConnectionSocketFactory.java:85)
	at java.base/java.security.AccessController.doPrivileged(AccessController.java:251)
	at org.apache.hc.client5.http.socket.PlainConnectionSocketFactory.connectSocket(PlainConnectionSocketFactory.java:84)
	at org.apache.hc.client5.http.socket.ConnectionSocketFactory.connectSocket(ConnectionSocketFactory.java:113)
	at org.apache.hc.client5.http.impl.io.DefaultHttpClientConnectionOperator.connect(DefaultHttpClientConnectionOperator.java:181)
	at org.apache.hc.client5.http.impl.io.ZapHttpClientConnectionOperator.connect(ZapHttpClientConnectionOperator.java:95)
	at org.apache.hc.client5.http.impl.io.PoolingHttpClientConnectionManager.connect(PoolingHttpClientConnectionManager.java:447)
	at org.apache.hc.client5.http.impl.classic.InternalExecRuntime.connectEndpoint(InternalExecRuntime.java:162)
	at org.apache.hc.client5.http.impl.classic.InternalExecRuntime.connectEndpoint(InternalExecRuntime.java:172)
	at org.apache.hc.client5.http.impl.classic.ConnectExec.execute(ConnectExec.java:142)
	at org.apache.hc.client5.http.impl.classic.ExecChainElement.execute(ExecChainElement.java:51)
	at org.apache.hc.client5.http.impl.classic.ZapProtocolExec.execute(ZapProtocolExec.java:179)
	at org.apache.hc.client5.http.impl.classic.ExecChainElement.execute(ExecChainElement.java:51)
	at org.apache.hc.client5.http.impl.classic.ZapHttpRequestRetryExec.execute(ZapHttpRequestRetryExec.java:81)
	at org.apache.hc.client5.http.impl.classic.ExecChainElement.execute(ExecChainElement.java:51)
	at org.apache.hc.client5.http.impl.classic.ZapInternalHttpClient.doExecute(ZapInternalHttpClient.java:173)
	at org.apache.hc.client5.http.impl.classic.CloseableHttpClient.execute(CloseableHttpClient.java:245)
	at org.apache.hc.client5.http.impl.classic.CloseableHttpClient.execute(CloseableHttpClient.java:188)
	at org.zaproxy.addon.network.internal.client.apachev5.HttpSenderApache.sendImpl0(HttpSenderApache.java:486)
	at org.zaproxy.addon.network.internal.client.apachev5.HttpSenderApache.sendImpl(HttpSenderApache.java:365)
	at org.zaproxy.addon.network.internal.client.apachev5.HttpSenderApache.sendImpl(HttpSenderApache.java:116)
	at org.zaproxy.addon.network.internal.client.BaseHttpSender.sendRateLimited(BaseHttpSender.java:415)
	at org.zaproxy.addon.network.internal.client.BaseHttpSender.sendAuthenticated(BaseHttpSender.java:383)
	at org.zaproxy.addon.network.internal.client.BaseHttpSender.sendNoRedirections(BaseHttpSender.java:351)
	at org.zaproxy.addon.network.internal.client.BaseHttpSender.send(BaseHttpSender.java:307)
	at org.zaproxy.addon.network.internal.client.BaseHttpSender.sendAndReceive(BaseHttpSender.java:278)
	at org.zaproxy.addon.network.internal.client.BaseHttpSender.sendAndReceive(BaseHttpSender.java:234)
	at org.parosproxy.paros.network.HttpSender.sendImpl(HttpSender.java:536)
	at org.parosproxy.paros.network.HttpSender.sendAndReceive(HttpSender.java:529)
	at org.parosproxy.paros.core.scanner.AbstractPlugin.sendMessageImpl(AbstractPlugin.java:344)
	at org.parosproxy.paros.core.scanner.AbstractPlugin.sendAndReceive(AbstractPlugin.java:331)
	at org.parosproxy.paros.core.scanner.AbstractPlugin.sendAndReceive(AbstractPlugin.java:265)
	at org.parosproxy.paros.core.scanner.AbstractPlugin.sendAndReceive(AbstractPlugin.java:238)
	at org.zaproxy.zap.extension.ascanrules.UserAgentScanRule.sendUserAgent(UserAgentScanRule.java:194)
	at org.zaproxy.zap.extension.ascanrules.UserAgentScanRule.attack(UserAgentScanRule.java:183)
	at org.zaproxy.zap.extension.ascanrules.UserAgentScanRule.scan(UserAgentScanRule.java:166)
	at org.parosproxy.paros.core.scanner.AbstractPlugin.run(AbstractPlugin.java:402)
	at java.base/java.lang.Thread.run(Thread.java:1474)
154585 [ZAP-ActiveScanner-2] WARN  org.zaproxy.zap.extension.ascanrules.UserAgentScanRule - No route to host (connect failed)
java.net.NoRouteToHostException: No route to host (connect failed)
	at java.base/sun.nio.ch.Net.pollConnect(Native Method)
	at java.base/sun.nio.ch.Net.pollConnectNow(Net.java:639)
	at java.base/sun.nio.ch.NioSocketImpl.timedFinishConnect(NioSocketImpl.java:550)
	at java.base/sun.nio.ch.NioSocketImpl.connect(NioSocketImpl.java:594)
	at java.base/java.net.SocksSocketImpl.connect(SocksSocketImpl.java:284)
	at java.base/java.net.Socket.connect(Socket.java:659)
	at org.apache.hc.client5.http.socket.PlainConnectionSocketFactory.lambda$connectSocket$0(PlainConnectionSocketFactory.java:85)
	at java.base/java.security.AccessController.doPrivileged(AccessController.java:251)
	at org.apache.hc.client5.http.socket.PlainConnectionSocketFactory.connectSocket(PlainConnectionSocketFactory.java:84)
	at org.apache.hc.client5.http.socket.ConnectionSocketFactory.connectSocket(ConnectionSocketFactory.java:113)
	at org.apache.hc.client5.http.impl.io.DefaultHttpClientConnectionOperator.connect(DefaultHttpClientConnectionOperator.java:181)
	at org.apache.hc.client5.http.impl.io.ZapHttpClientConnectionOperator.connect(ZapHttpClientConnectionOperator.java:95)
	at org.apache.hc.client5.http.impl.io.PoolingHttpClientConnectionManager.connect(PoolingHttpClientConnectionManager.java:447)
	at org.apache.hc.client5.http.impl.classic.InternalExecRuntime.connectEndpoint(InternalExecRuntime.java:162)
	at org.apache.hc.client5.http.impl.classic.InternalExecRuntime.connectEndpoint(InternalExecRuntime.java:172)
	at org.apache.hc.client5.http.impl.classic.ConnectExec.execute(ConnectExec.java:142)
	at org.apache.hc.client5.http.impl.classic.ExecChainElement.execute(ExecChainElement.java:51)
	at org.apache.hc.client5.http.impl.classic.ZapProtocolExec.execute(ZapProtocolExec.java:179)
	at org.apache.hc.client5.http.impl.classic.ExecChainElement.execute(ExecChainElement.java:51)
	at org.apache.hc.client5.http.impl.classic.ZapHttpRequestRetryExec.execute(ZapHttpRequestRetryExec.java:81)
	at org.apache.hc.client5.http.impl.classic.ExecChainElement.execute(ExecChainElement.java:51)
	at org.apache.hc.client5.http.impl.classic.ZapInternalHttpClient.doExecute(ZapInternalHttpClient.java:173)
	at org.apache.hc.client5.http.impl.classic.CloseableHttpClient.execute(CloseableHttpClient.java:245)
	at org.apache.hc.client5.http.impl.classic.CloseableHttpClient.execute(CloseableHttpClient.java:188)
	at org.zaproxy.addon.network.internal.client.apachev5.HttpSenderApache.sendImpl0(HttpSenderApache.java:486)
	at org.zaproxy.addon.network.internal.client.apachev5.HttpSenderApache.sendImpl(HttpSenderApache.java:365)
	at org.zaproxy.addon.network.internal.client.apachev5.HttpSenderApache.sendImpl(HttpSenderApache.java:116)
	at org.zaproxy.addon.network.internal.client.BaseHttpSender.sendRateLimited(BaseHttpSender.java:415)
	at org.zaproxy.addon.network.internal.client.BaseHttpSender.sendAuthenticated(BaseHttpSender.java:383)
	at org.zaproxy.addon.network.internal.client.BaseHttpSender.sendNoRedirections(BaseHttpSender.java:351)
	at org.zaproxy.addon.network.internal.client.BaseHttpSender.send(BaseHttpSender.java:307)
	at org.zaproxy.addon.network.internal.client.BaseHttpSender.sendAndReceive(BaseHttpSender.java:278)
	at org.zaproxy.addon.network.internal.client.BaseHttpSender.sendAndReceive(BaseHttpSender.java:234)
	at org.parosproxy.paros.network.HttpSender.sendImpl(HttpSender.java:536)
	at org.parosproxy.paros.network.HttpSender.sendAndReceive(HttpSender.java:529)
	at org.parosproxy.paros.core.scanner.AbstractPlugin.sendMessageImpl(AbstractPlugin.java:344)
	at org.parosproxy.paros.core.scanner.AbstractPlugin.sendAndReceive(AbstractPlugin.java:331)
	at org.parosproxy.paros.core.scanner.AbstractPlugin.sendAndReceive(AbstractPlugin.java:265)
	at org.parosproxy.paros.core.scanner.AbstractPlugin.sendAndReceive(AbstractPlugin.java:238)
	at org.zaproxy.zap.extension.ascanrules.UserAgentScanRule.sendUserAgent(UserAgentScanRule.java:194)
	at org.zaproxy.zap.extension.ascanrules.UserAgentScanRule.attack(UserAgentScanRule.java:183)
	at org.zaproxy.zap.extension.ascanrules.UserAgentScanRule.scan(UserAgentScanRule.java:166)
	at org.parosproxy.paros.core.scanner.AbstractPlugin.run(AbstractPlugin.java:402)
	at java.base/java.lang.Thread.run(Thread.java:1474)
157657 [ZAP-ActiveScanner-2] WARN  org.zaproxy.zap.extension.ascanrules.UserAgentScanRule - No route to host (connect failed)
java.net.NoRouteToHostException: No route to host (connect failed)
	at java.base/sun.nio.ch.Net.pollConnect(Native Method)
	at java.base/sun.nio.ch.Net.pollConnectNow(Net.java:639)
	at java.base/sun.nio.ch.NioSocketImpl.timedFinishConnect(NioSocketImpl.java:550)
	at java.base/sun.nio.ch.NioSocketImpl.connect(NioSocketImpl.java:594)
	at java.base/java.net.SocksSocketImpl.connect(SocksSocketImpl.java:284)
	at java.base/java.net.Socket.connect(Socket.java:659)
	at org.apache.hc.client5.http.socket.PlainConnectionSocketFactory.lambda$connectSocket$0(PlainConnectionSocketFactory.java:85)
	at java.base/java.security.AccessController.doPrivileged(AccessController.java:251)
	at org.apache.hc.client5.http.socket.PlainConnectionSocketFactory.connectSocket(PlainConnectionSocketFactory.java:84)
	at org.apache.hc.client5.http.socket.ConnectionSocketFactory.connectSocket(ConnectionSocketFactory.java:113)
	at org.apache.hc.client5.http.impl.io.DefaultHttpClientConnectionOperator.connect(DefaultHttpClientConnectionOperator.java:181)
	at org.apache.hc.client5.http.impl.io.ZapHttpClientConnectionOperator.connect(ZapHttpClientConnectionOperator.java:95)
	at org.apache.hc.client5.http.impl.io.PoolingHttpClientConnectionManager.connect(PoolingHttpClientConnectionManager.java:447)
	at org.apache.hc.client5.http.impl.classic.InternalExecRuntime.connectEndpoint(InternalExecRuntime.java:162)
	at org.apache.hc.client5.http.impl.classic.InternalExecRuntime.connectEndpoint(InternalExecRuntime.java:172)
	at org.apache.hc.client5.http.impl.classic.ConnectExec.execute(ConnectExec.java:142)
	at org.apache.hc.client5.http.impl.classic.ExecChainElement.execute(ExecChainElement.java:51)
	at org.apache.hc.client5.http.impl.classic.ZapProtocolExec.execute(ZapProtocolExec.java:179)
	at org.apache.hc.client5.http.impl.classic.ExecChainElement.execute(ExecChainElement.java:51)
	at org.apache.hc.client5.http.impl.classic.ZapHttpRequestRetryExec.execute(ZapHttpRequestRetryExec.java:81)
	at org.apache.hc.client5.http.impl.classic.ExecChainElement.execute(ExecChainElement.java:51)
	at org.apache.hc.client5.http.impl.classic.ZapInternalHttpClient.doExecute(ZapInternalHttpClient.java:173)
	at org.apache.hc.client5.http.impl.classic.CloseableHttpClient.execute(CloseableHttpClient.java:245)
	at org.apache.hc.client5.http.impl.classic.CloseableHttpClient.execute(CloseableHttpClient.java:188)
	at org.zaproxy.addon.network.internal.client.apachev5.HttpSenderApache.sendImpl0(HttpSenderApache.java:486)
	at org.zaproxy.addon.network.internal.client.apachev5.HttpSenderApache.sendImpl(HttpSenderApache.java:365)
	at org.zaproxy.addon.network.internal.client.apachev5.HttpSenderApache.sendImpl(HttpSenderApache.java:116)
	at org.zaproxy.addon.network.internal.client.BaseHttpSender.sendRateLimited(BaseHttpSender.java:415)
	at org.zaproxy.addon.network.internal.client.BaseHttpSender.sendAuthenticated(BaseHttpSender.java:383)
	at org.zaproxy.addon.network.internal.client.BaseHttpSender.sendNoRedirections(BaseHttpSender.java:351)
	at org.zaproxy.addon.network.internal.client.BaseHttpSender.send(BaseHttpSender.java:307)
	at org.zaproxy.addon.network.internal.client.BaseHttpSender.sendAndReceive(BaseHttpSender.java:278)
	at org.zaproxy.addon.network.internal.client.BaseHttpSender.sendAndReceive(BaseHttpSender.java:234)
	at org.parosproxy.paros.network.HttpSender.sendImpl(HttpSender.java:536)
	at org.parosproxy.paros.network.HttpSender.sendAndReceive(HttpSender.java:529)
	at org.parosproxy.paros.core.scanner.AbstractPlugin.sendMessageImpl(AbstractPlugin.java:344)
	at org.parosproxy.paros.core.scanner.AbstractPlugin.sendAndReceive(AbstractPlugin.java:331)
	at org.parosproxy.paros.core.scanner.AbstractPlugin.sendAndReceive(AbstractPlugin.java:265)
	at org.parosproxy.paros.core.scanner.AbstractPlugin.sendAndReceive(AbstractPlugin.java:238)
	at org.zaproxy.zap.extension.ascanrules.UserAgentScanRule.sendUserAgent(UserAgentScanRule.java:194)
	at org.zaproxy.zap.extension.ascanrules.UserAgentScanRule.attack(UserAgentScanRule.java:183)
	at org.zaproxy.zap.extension.ascanrules.UserAgentScanRule.scan(UserAgentScanRule.java:166)
	at org.parosproxy.paros.core.scanner.AbstractPlugin.run(AbstractPlugin.java:402)
	at java.base/java.lang.Thread.run(Thread.java:1474)
157657 [ZAP-ActiveScanner-1] WARN  org.zaproxy.zap.extension.ascanrules.UserAgentScanRule - No route to host (connect failed)
java.net.NoRouteToHostException: No route to host (connect failed)
	at java.base/sun.nio.ch.Net.pollConnect(Native Method)
	at java.base/sun.nio.ch.Net.pollConnectNow(Net.java:639)
	at java.base/sun.nio.ch.NioSocketImpl.timedFinishConnect(NioSocketImpl.java:550)
	at java.base/sun.nio.ch.NioSocketImpl.connect(NioSocketImpl.java:594)
	at java.base/java.net.SocksSocketImpl.connect(SocksSocketImpl.java:284)
	at java.base/java.net.Socket.connect(Socket.java:659)
	at org.apache.hc.client5.http.socket.PlainConnectionSocketFactory.lambda$connectSocket$0(PlainConnectionSocketFactory.java:85)
	at java.base/java.security.AccessController.doPrivileged(AccessController.java:251)
	at org.apache.hc.client5.http.socket.PlainConnectionSocketFactory.connectSocket(PlainConnectionSocketFactory.java:84)
	at org.apache.hc.client5.http.socket.ConnectionSocketFactory.connectSocket(ConnectionSocketFactory.java:113)
	at org.apache.hc.client5.http.impl.io.DefaultHttpClientConnectionOperator.connect(DefaultHttpClientConnectionOperator.java:181)
	at org.apache.hc.client5.http.impl.io.ZapHttpClientConnectionOperator.connect(ZapHttpClientConnectionOperator.java:95)
	at org.apache.hc.client5.http.impl.io.PoolingHttpClientConnectionManager.connect(PoolingHttpClientConnectionManager.java:447)
	at org.apache.hc.client5.http.impl.classic.InternalExecRuntime.connectEndpoint(InternalExecRuntime.java:162)
	at org.apache.hc.client5.http.impl.classic.InternalExecRuntime.connectEndpoint(InternalExecRuntime.java:172)
	at org.apache.hc.client5.http.impl.classic.ConnectExec.execute(ConnectExec.java:142)
	at org.apache.hc.client5.http.impl.classic.ExecChainElement.execute(ExecChainElement.java:51)
	at org.apache.hc.client5.http.impl.classic.ZapProtocolExec.execute(ZapProtocolExec.java:179)
	at org.apache.hc.client5.http.impl.classic.ExecChainElement.execute(ExecChainElement.java:51)
	at org.apache.hc.client5.http.impl.classic.ZapHttpRequestRetryExec.execute(ZapHttpRequestRetryExec.java:81)
	at org.apache.hc.client5.http.impl.classic.ExecChainElement.execute(ExecChainElement.java:51)
	at org.apache.hc.client5.http.impl.classic.ZapInternalHttpClient.doExecute(ZapInternalHttpClient.java:173)
	at org.apache.hc.client5.http.impl.classic.CloseableHttpClient.execute(CloseableHttpClient.java:245)
	at org.apache.hc.client5.http.impl.classic.CloseableHttpClient.execute(CloseableHttpClient.java:188)
	at org.zaproxy.addon.network.internal.client.apachev5.HttpSenderApache.sendImpl0(HttpSenderApache.java:486)
	at org.zaproxy.addon.network.internal.client.apachev5.HttpSenderApache.sendImpl(HttpSenderApache.java:365)
	at org.zaproxy.addon.network.internal.client.apachev5.HttpSenderApache.sendImpl(HttpSenderApache.java:116)
	at org.zaproxy.addon.network.internal.client.BaseHttpSender.sendRateLimited(BaseHttpSender.java:415)
	at org.zaproxy.addon.network.internal.client.BaseHttpSender.sendAuthenticated(BaseHttpSender.java:383)
	at org.zaproxy.addon.network.internal.client.BaseHttpSender.sendNoRedirections(BaseHttpSender.java:351)
	at org.zaproxy.addon.network.internal.client.BaseHttpSender.send(BaseHttpSender.java:307)
	at org.zaproxy.addon.network.internal.client.BaseHttpSender.sendAndReceive(BaseHttpSender.java:278)
	at org.zaproxy.addon.network.internal.client.BaseHttpSender.sendAndReceive(BaseHttpSender.java:234)
	at org.parosproxy.paros.network.HttpSender.sendImpl(HttpSender.java:536)
	at org.parosproxy.paros.network.HttpSender.sendAndReceive(HttpSender.java:529)
	at org.parosproxy.paros.core.scanner.AbstractPlugin.sendMessageImpl(AbstractPlugin.java:344)
	at org.parosproxy.paros.core.scanner.AbstractPlugin.sendAndReceive(AbstractPlugin.java:331)
	at org.parosproxy.paros.core.scanner.AbstractPlugin.sendAndReceive(AbstractPlugin.java:265)
	at org.parosproxy.paros.core.scanner.AbstractPlugin.sendAndReceive(AbstractPlugin.java:238)
	at org.zaproxy.zap.extension.ascanrules.UserAgentScanRule.sendUserAgent(UserAgentScanRule.java:194)
	at org.zaproxy.zap.extension.ascanrules.UserAgentScanRule.attack(UserAgentScanRule.java:183)
	at org.zaproxy.zap.extension.ascanrules.UserAgentScanRule.scan(UserAgentScanRule.java:166)
	at org.parosproxy.paros.core.scanner.AbstractPlugin.run(AbstractPlugin.java:402)
	at java.base/java.lang.Thread.run(Thread.java:1474)
157657 [ZAP-ActiveScanner-0] WARN  org.zaproxy.zap.extension.ascanrules.UserAgentScanRule - No route to host (connect failed)
java.net.NoRouteToHostException: No route to host (connect failed)
	at java.base/sun.nio.ch.Net.pollConnect(Native Method)
	at java.base/sun.nio.ch.Net.pollConnectNow(Net.java:639)
	at java.base/sun.nio.ch.NioSocketImpl.timedFinishConnect(NioSocketImpl.java:550)
	at java.base/sun.nio.ch.NioSocketImpl.connect(NioSocketImpl.java:594)
	at java.base/java.net.SocksSocketImpl.connect(SocksSocketImpl.java:284)
	at java.base/java.net.Socket.connect(Socket.java:659)
	at org.apache.hc.client5.http.socket.PlainConnectionSocketFactory.lambda$connectSocket$0(PlainConnectionSocketFactory.java:85)
	at java.base/java.security.AccessController.doPrivileged(AccessController.java:251)
	at org.apache.hc.client5.http.socket.PlainConnectionSocketFactory.connectSocket(PlainConnectionSocketFactory.java:84)
	at org.apache.hc.client5.http.socket.ConnectionSocketFactory.connectSocket(ConnectionSocketFactory.java:113)
	at org.apache.hc.client5.http.impl.io.DefaultHttpClientConnectionOperator.connect(DefaultHttpClientConnectionOperator.java:181)
	at org.apache.hc.client5.http.impl.io.ZapHttpClientConnectionOperator.connect(ZapHttpClientConnectionOperator.java:95)
	at org.apache.hc.client5.http.impl.io.PoolingHttpClientConnectionManager.connect(PoolingHttpClientConnectionManager.java:447)
	at org.apache.hc.client5.http.impl.classic.InternalExecRuntime.connectEndpoint(InternalExecRuntime.java:162)
	at org.apache.hc.client5.http.impl.classic.InternalExecRuntime.connectEndpoint(InternalExecRuntime.java:172)
	at org.apache.hc.client5.http.impl.classic.ConnectExec.execute(ConnectExec.java:142)
	at org.apache.hc.client5.http.impl.classic.ExecChainElement.execute(ExecChainElement.java:51)
	at org.apache.hc.client5.http.impl.classic.ZapProtocolExec.execute(ZapProtocolExec.java:179)
	at org.apache.hc.client5.http.impl.classic.ExecChainElement.execute(ExecChainElement.java:51)
	at org.apache.hc.client5.http.impl.classic.ZapHttpRequestRetryExec.execute(ZapHttpRequestRetryExec.java:81)
	at org.apache.hc.client5.http.impl.classic.ExecChainElement.execute(ExecChainElement.java:51)
	at org.apache.hc.client5.http.impl.classic.ZapInternalHttpClient.doExecute(ZapInternalHttpClient.java:173)
	at org.apache.hc.client5.http.impl.classic.CloseableHttpClient.execute(CloseableHttpClient.java:245)
	at org.apache.hc.client5.http.impl.classic.CloseableHttpClient.execute(CloseableHttpClient.java:188)
	at org.zaproxy.addon.network.internal.client.apachev5.HttpSenderApache.sendImpl0(HttpSenderApache.java:486)
	at org.zaproxy.addon.network.internal.client.apachev5.HttpSenderApache.sendImpl(HttpSenderApache.java:365)
	at org.zaproxy.addon.network.internal.client.apachev5.HttpSenderApache.sendImpl(HttpSenderApache.java:116)
	at org.zaproxy.addon.network.internal.client.BaseHttpSender.sendRateLimited(BaseHttpSender.java:415)
	at org.zaproxy.addon.network.internal.client.BaseHttpSender.sendAuthenticated(BaseHttpSender.java:383)
	at org.zaproxy.addon.network.internal.client.BaseHttpSender.sendNoRedirections(BaseHttpSender.java:351)
	at org.zaproxy.addon.network.internal.client.BaseHttpSender.send(BaseHttpSender.java:307)
	at org.zaproxy.addon.network.internal.client.BaseHttpSender.sendAndReceive(BaseHttpSender.java:278)
	at org.zaproxy.addon.network.internal.client.BaseHttpSender.sendAndReceive(BaseHttpSender.java:234)
	at org.parosproxy.paros.network.HttpSender.sendImpl(HttpSender.java:536)
	at org.parosproxy.paros.network.HttpSender.sendAndReceive(HttpSender.java:529)
	at org.parosproxy.paros.core.scanner.AbstractPlugin.sendMessageImpl(AbstractPlugin.java:344)
	at org.parosproxy.paros.core.scanner.AbstractPlugin.sendAndReceive(AbstractPlugin.java:331)
	at org.parosproxy.paros.core.scanner.AbstractPlugin.sendAndReceive(AbstractPlugin.java:265)
	at org.parosproxy.paros.core.scanner.AbstractPlugin.sendAndReceive(AbstractPlugin.java:238)
	at org.zaproxy.zap.extension.ascanrules.UserAgentScanRule.sendUserAgent(UserAgentScanRule.java:194)
	at org.zaproxy.zap.extension.ascanrules.UserAgentScanRule.attack(UserAgentScanRule.java:183)
	at org.zaproxy.zap.extension.ascanrules.UserAgentScanRule.scan(UserAgentScanRule.java:166)
	at org.parosproxy.paros.core.scanner.AbstractPlugin.run(AbstractPlugin.java:402)
	at java.base/java.lang.Thread.run(Thread.java:1474)
160729 [ZAP-ActiveScanner-0] WARN  org.zaproxy.zap.extension.ascanrules.UserAgentScanRule - No route to host (connect failed)
java.net.NoRouteToHostException: No route to host (connect failed)
	at java.base/sun.nio.ch.Net.pollConnect(Native Method)
	at java.base/sun.nio.ch.Net.pollConnectNow(Net.java:639)
	at java.base/sun.nio.ch.NioSocketImpl.timedFinishConnect(NioSocketImpl.java:550)
	at java.base/sun.nio.ch.NioSocketImpl.connect(NioSocketImpl.java:594)
	at java.base/java.net.SocksSocketImpl.connect(SocksSocketImpl.java:284)
	at java.base/java.net.Socket.connect(Socket.java:659)
	at org.apache.hc.client5.http.socket.PlainConnectionSocketFactory.lambda$connectSocket$0(PlainConnectionSocketFactory.java:85)
	at java.base/java.security.AccessController.doPrivileged(AccessController.java:251)
	at org.apache.hc.client5.http.socket.PlainConnectionSocketFactory.connectSocket(PlainConnectionSocketFactory.java:84)
	at org.apache.hc.client5.http.socket.ConnectionSocketFactory.connectSocket(ConnectionSocketFactory.java:113)
	at org.apache.hc.client5.http.impl.io.DefaultHttpClientConnectionOperator.connect(DefaultHttpClientConnectionOperator.java:181)
	at org.apache.hc.client5.http.impl.io.ZapHttpClientConnectionOperator.connect(ZapHttpClientConnectionOperator.java:95)
	at org.apache.hc.client5.http.impl.io.PoolingHttpClientConnectionManager.connect(PoolingHttpClientConnectionManager.java:447)
	at org.apache.hc.client5.http.impl.classic.InternalExecRuntime.connectEndpoint(InternalExecRuntime.java:162)
	at org.apache.hc.client5.http.impl.classic.InternalExecRuntime.connectEndpoint(InternalExecRuntime.java:172)
	at org.apache.hc.client5.http.impl.classic.ConnectExec.execute(ConnectExec.java:142)
	at org.apache.hc.client5.http.impl.classic.ExecChainElement.execute(ExecChainElement.java:51)
	at org.apache.hc.client5.http.impl.classic.ZapProtocolExec.execute(ZapProtocolExec.java:179)
	at org.apache.hc.client5.http.impl.classic.ExecChainElement.execute(ExecChainElement.java:51)
	at org.apache.hc.client5.http.impl.classic.ZapHttpRequestRetryExec.execute(ZapHttpRequestRetryExec.java:81)
	at org.apache.hc.client5.http.impl.classic.ExecChainElement.execute(ExecChainElement.java:51)
	at org.apache.hc.client5.http.impl.classic.ZapInternalHttpClient.doExecute(ZapInternalHttpClient.java:173)
	at org.apache.hc.client5.http.impl.classic.CloseableHttpClient.execute(CloseableHttpClient.java:245)
	at org.apache.hc.client5.http.impl.classic.CloseableHttpClient.execute(CloseableHttpClient.java:188)
	at org.zaproxy.addon.network.internal.client.apachev5.HttpSenderApache.sendImpl0(HttpSenderApache.java:486)
	at org.zaproxy.addon.network.internal.client.apachev5.HttpSenderApache.sendImpl(HttpSenderApache.java:365)
	at org.zaproxy.addon.network.internal.client.apachev5.HttpSenderApache.sendImpl(HttpSenderApache.java:116)
	at org.zaproxy.addon.network.internal.client.BaseHttpSender.sendRateLimited(BaseHttpSender.java:415)
	at org.zaproxy.addon.network.internal.client.BaseHttpSender.sendAuthenticated(BaseHttpSender.java:383)
	at org.zaproxy.addon.network.internal.client.BaseHttpSender.sendNoRedirections(BaseHttpSender.java:351)
	at org.zaproxy.addon.network.internal.client.BaseHttpSender.send(BaseHttpSender.java:307)
	at org.zaproxy.addon.network.internal.client.BaseHttpSender.sendAndReceive(BaseHttpSender.java:278)
	at org.zaproxy.addon.network.internal.client.BaseHttpSender.sendAndReceive(BaseHttpSender.java:234)
	at org.parosproxy.paros.network.HttpSender.sendImpl(HttpSender.java:536)
	at org.parosproxy.paros.network.HttpSender.sendAndReceive(HttpSender.java:529)
	at org.parosproxy.paros.core.scanner.AbstractPlugin.sendMessageImpl(AbstractPlugin.java:344)
	at org.parosproxy.paros.core.scanner.AbstractPlugin.sendAndReceive(AbstractPlugin.java:331)
	at org.parosproxy.paros.core.scanner.AbstractPlugin.sendAndReceive(AbstractPlugin.java:265)
	at org.parosproxy.paros.core.scanner.AbstractPlugin.sendAndReceive(AbstractPlugin.java:238)
	at org.zaproxy.zap.extension.ascanrules.UserAgentScanRule.sendUserAgent(UserAgentScanRule.java:194)
	at org.zaproxy.zap.extension.ascanrules.UserAgentScanRule.attack(UserAgentScanRule.java:183)
	at org.zaproxy.zap.extension.ascanrules.UserAgentScanRule.scan(UserAgentScanRule.java:166)
	at org.parosproxy.paros.core.scanner.AbstractPlugin.run(AbstractPlugin.java:402)
	at java.base/java.lang.Thread.run(Thread.java:1474)
160729 [ZAP-ActiveScanner-2] WARN  org.zaproxy.zap.extension.ascanrules.UserAgentScanRule - No route to host (connect failed)
java.net.NoRouteToHostException: No route to host (connect failed)
	at java.base/sun.nio.ch.Net.pollConnect(Native Method)
	at java.base/sun.nio.ch.Net.pollConnectNow(Net.java:639)
	at java.base/sun.nio.ch.NioSocketImpl.timedFinishConnect(NioSocketImpl.java:550)
	at java.base/sun.nio.ch.NioSocketImpl.connect(NioSocketImpl.java:594)
	at java.base/java.net.SocksSocketImpl.connect(SocksSocketImpl.java:284)
	at java.base/java.net.Socket.connect(Socket.java:659)
	at org.apache.hc.client5.http.socket.PlainConnectionSocketFactory.lambda$connectSocket$0(PlainConnectionSocketFactory.java:85)
	at java.base/java.security.AccessController.doPrivileged(AccessController.java:251)
	at org.apache.hc.client5.http.socket.PlainConnectionSocketFactory.connectSocket(PlainConnectionSocketFactory.java:84)
	at org.apache.hc.client5.http.socket.ConnectionSocketFactory.connectSocket(ConnectionSocketFactory.java:113)
	at org.apache.hc.client5.http.impl.io.DefaultHttpClientConnectionOperator.connect(DefaultHttpClientConnectionOperator.java:181)
	at org.apache.hc.client5.http.impl.io.ZapHttpClientConnectionOperator.connect(ZapHttpClientConnectionOperator.java:95)
	at org.apache.hc.client5.http.impl.io.PoolingHttpClientConnectionManager.connect(PoolingHttpClientConnectionManager.java:447)
	at org.apache.hc.client5.http.impl.classic.InternalExecRuntime.connectEndpoint(InternalExecRuntime.java:162)
	at org.apache.hc.client5.http.impl.classic.InternalExecRuntime.connectEndpoint(InternalExecRuntime.java:172)
	at org.apache.hc.client5.http.impl.classic.ConnectExec.execute(ConnectExec.java:142)
	at org.apache.hc.client5.http.impl.classic.ExecChainElement.execute(ExecChainElement.java:51)
	at org.apache.hc.client5.http.impl.classic.ZapProtocolExec.execute(ZapProtocolExec.java:179)
	at org.apache.hc.client5.http.impl.classic.ExecChainElement.execute(ExecChainElement.java:51)
	at org.apache.hc.client5.http.impl.classic.ZapHttpRequestRetryExec.execute(ZapHttpRequestRetryExec.java:81)
	at org.apache.hc.client5.http.impl.classic.ExecChainElement.execute(ExecChainElement.java:51)
	at org.apache.hc.client5.http.impl.classic.ZapInternalHttpClient.doExecute(ZapInternalHttpClient.java:173)
	at org.apache.hc.client5.http.impl.classic.CloseableHttpClient.execute(CloseableHttpClient.java:245)
	at org.apache.hc.client5.http.impl.classic.CloseableHttpClient.execute(CloseableHttpClient.java:188)
	at org.zaproxy.addon.network.internal.client.apachev5.HttpSenderApache.sendImpl0(HttpSenderApache.java:486)
	at org.zaproxy.addon.network.internal.client.apachev5.HttpSenderApache.sendImpl(HttpSenderApache.java:365)
	at org.zaproxy.addon.network.internal.client.apachev5.HttpSenderApache.sendImpl(HttpSenderApache.java:116)
	at org.zaproxy.addon.network.internal.client.BaseHttpSender.sendRateLimited(BaseHttpSender.java:415)
	at org.zaproxy.addon.network.internal.client.BaseHttpSender.sendAuthenticated(BaseHttpSender.java:383)
	at org.zaproxy.addon.network.internal.client.BaseHttpSender.sendNoRedirections(BaseHttpSender.java:351)
	at org.zaproxy.addon.network.internal.client.BaseHttpSender.send(BaseHttpSender.java:307)
	at org.zaproxy.addon.network.internal.client.BaseHttpSender.sendAndReceive(BaseHttpSender.java:278)
	at org.zaproxy.addon.network.internal.client.BaseHttpSender.sendAndReceive(BaseHttpSender.java:234)
	at org.parosproxy.paros.network.HttpSender.sendImpl(HttpSender.java:536)
	at org.parosproxy.paros.network.HttpSender.sendAndReceive(HttpSender.java:529)
	at org.parosproxy.paros.core.scanner.AbstractPlugin.sendMessageImpl(AbstractPlugin.java:344)
	at org.parosproxy.paros.core.scanner.AbstractPlugin.sendAndReceive(AbstractPlugin.java:331)
	at org.parosproxy.paros.core.scanner.AbstractPlugin.sendAndReceive(AbstractPlugin.java:265)
	at org.parosproxy.paros.core.scanner.AbstractPlugin.sendAndReceive(AbstractPlugin.java:238)
	at org.zaproxy.zap.extension.ascanrules.UserAgentScanRule.sendUserAgent(UserAgentScanRule.java:194)
	at org.zaproxy.zap.extension.ascanrules.UserAgentScanRule.attack(UserAgentScanRule.java:183)
	at org.zaproxy.zap.extension.ascanrules.UserAgentScanRule.scan(UserAgentScanRule.java:166)
	at org.parosproxy.paros.core.scanner.AbstractPlugin.run(AbstractPlugin.java:402)
	at java.base/java.lang.Thread.run(Thread.java:1474)
160729 [ZAP-ActiveScanner-1] WARN  org.zaproxy.zap.extension.ascanrules.UserAgentScanRule - No route to host (connect failed)
java.net.NoRouteToHostException: No route to host (connect failed)
	at java.base/sun.nio.ch.Net.pollConnect(Native Method)
	at java.base/sun.nio.ch.Net.pollConnectNow(Net.java:639)
	at java.base/sun.nio.ch.NioSocketImpl.timedFinishConnect(NioSocketImpl.java:550)
	at java.base/sun.nio.ch.NioSocketImpl.connect(NioSocketImpl.java:594)
	at java.base/java.net.SocksSocketImpl.connect(SocksSocketImpl.java:284)
	at java.base/java.net.Socket.connect(Socket.java:659)
	at org.apache.hc.client5.http.socket.PlainConnectionSocketFactory.lambda$connectSocket$0(PlainConnectionSocketFactory.java:85)
	at java.base/java.security.AccessController.doPrivileged(AccessController.java:251)
	at org.apache.hc.client5.http.socket.PlainConnectionSocketFactory.connectSocket(PlainConnectionSocketFactory.java:84)
	at org.apache.hc.client5.http.socket.ConnectionSocketFactory.connectSocket(ConnectionSocketFactory.java:113)
	at org.apache.hc.client5.http.impl.io.DefaultHttpClientConnectionOperator.connect(DefaultHttpClientConnectionOperator.java:181)
	at org.apache.hc.client5.http.impl.io.ZapHttpClientConnectionOperator.connect(ZapHttpClientConnectionOperator.java:95)
	at org.apache.hc.client5.http.impl.io.PoolingHttpClientConnectionManager.connect(PoolingHttpClientConnectionManager.java:447)
	at org.apache.hc.client5.http.impl.classic.InternalExecRuntime.connectEndpoint(InternalExecRuntime.java:162)
	at org.apache.hc.client5.http.impl.classic.InternalExecRuntime.connectEndpoint(InternalExecRuntime.java:172)
	at org.apache.hc.client5.http.impl.classic.ConnectExec.execute(ConnectExec.java:142)
	at org.apache.hc.client5.http.impl.classic.ExecChainElement.execute(ExecChainElement.java:51)
	at org.apache.hc.client5.http.impl.classic.ZapProtocolExec.execute(ZapProtocolExec.java:179)
	at org.apache.hc.client5.http.impl.classic.ExecChainElement.execute(ExecChainElement.java:51)
	at org.apache.hc.client5.http.impl.classic.ZapHttpRequestRetryExec.execute(ZapHttpRequestRetryExec.java:81)
	at org.apache.hc.client5.http.impl.classic.ExecChainElement.execute(ExecChainElement.java:51)
	at org.apache.hc.client5.http.impl.classic.ZapInternalHttpClient.doExecute(ZapInternalHttpClient.java:173)
	at org.apache.hc.client5.http.impl.classic.CloseableHttpClient.execute(CloseableHttpClient.java:245)
	at org.apache.hc.client5.http.impl.classic.CloseableHttpClient.execute(CloseableHttpClient.java:188)
	at org.zaproxy.addon.network.internal.client.apachev5.HttpSenderApache.sendImpl0(HttpSenderApache.java:486)
	at org.zaproxy.addon.network.internal.client.apachev5.HttpSenderApache.sendImpl(HttpSenderApache.java:365)
	at org.zaproxy.addon.network.internal.client.apachev5.HttpSenderApache.sendImpl(HttpSenderApache.java:116)
	at org.zaproxy.addon.network.internal.client.BaseHttpSender.sendRateLimited(BaseHttpSender.java:415)
	at org.zaproxy.addon.network.internal.client.BaseHttpSender.sendAuthenticated(BaseHttpSender.java:383)
	at org.zaproxy.addon.network.internal.client.BaseHttpSender.sendNoRedirections(BaseHttpSender.java:351)
	at org.zaproxy.addon.network.internal.client.BaseHttpSender.send(BaseHttpSender.java:307)
	at org.zaproxy.addon.network.internal.client.BaseHttpSender.sendAndReceive(BaseHttpSender.java:278)
	at org.zaproxy.addon.network.internal.client.BaseHttpSender.sendAndReceive(BaseHttpSender.java:234)
	at org.parosproxy.paros.network.HttpSender.sendImpl(HttpSender.java:536)
	at org.parosproxy.paros.network.HttpSender.sendAndReceive(HttpSender.java:529)
	at org.parosproxy.paros.core.scanner.AbstractPlugin.sendMessageImpl(AbstractPlugin.java:344)
	at org.parosproxy.paros.core.scanner.AbstractPlugin.sendAndReceive(AbstractPlugin.java:331)
	at org.parosproxy.paros.core.scanner.AbstractPlugin.sendAndReceive(AbstractPlugin.java:265)
	at org.parosproxy.paros.core.scanner.AbstractPlugin.sendAndReceive(AbstractPlugin.java:238)
	at org.zaproxy.zap.extension.ascanrules.UserAgentScanRule.sendUserAgent(UserAgentScanRule.java:194)
	at org.zaproxy.zap.extension.ascanrules.UserAgentScanRule.attack(UserAgentScanRule.java:183)
	at org.zaproxy.zap.extension.ascanrules.UserAgentScanRule.scan(UserAgentScanRule.java:166)
	at org.parosproxy.paros.core.scanner.AbstractPlugin.run(AbstractPlugin.java:402)
	at java.base/java.lang.Thread.run(Thread.java:1474)
163801 [ZAP-ActiveScanner-0] WARN  org.zaproxy.zap.extension.ascanrules.UserAgentScanRule - No route to host (connect failed)
java.net.NoRouteToHostException: No route to host (connect failed)
	at java.base/sun.nio.ch.Net.pollConnect(Native Method)
	at java.base/sun.nio.ch.Net.pollConnectNow(Net.java:639)
	at java.base/sun.nio.ch.NioSocketImpl.timedFinishConnect(NioSocketImpl.java:550)
	at java.base/sun.nio.ch.NioSocketImpl.connect(NioSocketImpl.java:594)
	at java.base/java.net.SocksSocketImpl.connect(SocksSocketImpl.java:284)
	at java.base/java.net.Socket.connect(Socket.java:659)
	at org.apache.hc.client5.http.socket.PlainConnectionSocketFactory.lambda$connectSocket$0(PlainConnectionSocketFactory.java:85)
	at java.base/java.security.AccessController.doPrivileged(AccessController.java:251)
	at org.apache.hc.client5.http.socket.PlainConnectionSocketFactory.connectSocket(PlainConnectionSocketFactory.java:84)
	at org.apache.hc.client5.http.socket.ConnectionSocketFactory.connectSocket(ConnectionSocketFactory.java:113)
	at org.apache.hc.client5.http.impl.io.DefaultHttpClientConnectionOperator.connect(DefaultHttpClientConnectionOperator.java:181)
	at org.apache.hc.client5.http.impl.io.ZapHttpClientConnectionOperator.connect(ZapHttpClientConnectionOperator.java:95)
	at org.apache.hc.client5.http.impl.io.PoolingHttpClientConnectionManager.connect(PoolingHttpClientConnectionManager.java:447)
	at org.apache.hc.client5.http.impl.classic.InternalExecRuntime.connectEndpoint(InternalExecRuntime.java:162)
	at org.apache.hc.client5.http.impl.classic.InternalExecRuntime.connectEndpoint(InternalExecRuntime.java:172)
	at org.apache.hc.client5.http.impl.classic.ConnectExec.execute(ConnectExec.java:142)
	at org.apache.hc.client5.http.impl.classic.ExecChainElement.execute(ExecChainElement.java:51)
	at org.apache.hc.client5.http.impl.classic.ZapProtocolExec.execute(ZapProtocolExec.java:179)
	at org.apache.hc.client5.http.impl.classic.ExecChainElement.execute(ExecChainElement.java:51)
	at org.apache.hc.client5.http.impl.classic.ZapHttpRequestRetryExec.execute(ZapHttpRequestRetryExec.java:81)
	at org.apache.hc.client5.http.impl.classic.ExecChainElement.execute(ExecChainElement.java:51)
	at org.apache.hc.client5.http.impl.classic.ZapInternalHttpClient.doExecute(ZapInternalHttpClient.java:173)
	at org.apache.hc.client5.http.impl.classic.CloseableHttpClient.execute(CloseableHttpClient.java:245)
	at org.apache.hc.client5.http.impl.classic.CloseableHttpClient.execute(CloseableHttpClient.java:188)
	at org.zaproxy.addon.network.internal.client.apachev5.HttpSenderApache.sendImpl0(HttpSenderApache.java:486)
	at org.zaproxy.addon.network.internal.client.apachev5.HttpSenderApache.sendImpl(HttpSenderApache.java:365)
	at org.zaproxy.addon.network.internal.client.apachev5.HttpSenderApache.sendImpl(HttpSenderApache.java:116)
	at org.zaproxy.addon.network.internal.client.BaseHttpSender.sendRateLimited(BaseHttpSender.java:415)
	at org.zaproxy.addon.network.internal.client.BaseHttpSender.sendAuthenticated(BaseHttpSender.java:383)
	at org.zaproxy.addon.network.internal.client.BaseHttpSender.sendNoRedirections(BaseHttpSender.java:351)
	at org.zaproxy.addon.network.internal.client.BaseHttpSender.send(BaseHttpSender.java:307)
	at org.zaproxy.addon.network.internal.client.BaseHttpSender.sendAndReceive(BaseHttpSender.java:278)
	at org.zaproxy.addon.network.internal.client.BaseHttpSender.sendAndReceive(BaseHttpSender.java:234)
	at org.parosproxy.paros.network.HttpSender.sendImpl(HttpSender.java:536)
	at org.parosproxy.paros.network.HttpSender.sendAndReceive(HttpSender.java:529)
	at org.parosproxy.paros.core.scanner.AbstractPlugin.sendMessageImpl(AbstractPlugin.java:344)
	at org.parosproxy.paros.core.scanner.AbstractPlugin.sendAndReceive(AbstractPlugin.java:331)
	at org.parosproxy.paros.core.scanner.AbstractPlugin.sendAndReceive(AbstractPlugin.java:265)
	at org.parosproxy.paros.core.scanner.AbstractPlugin.sendAndReceive(AbstractPlugin.java:238)
	at org.zaproxy.zap.extension.ascanrules.UserAgentScanRule.sendUserAgent(UserAgentScanRule.java:194)
	at org.zaproxy.zap.extension.ascanrules.UserAgentScanRule.attack(UserAgentScanRule.java:183)
	at org.zaproxy.zap.extension.ascanrules.UserAgentScanRule.scan(UserAgentScanRule.java:166)
	at org.parosproxy.paros.core.scanner.AbstractPlugin.run(AbstractPlugin.java:402)
	at java.base/java.lang.Thread.run(Thread.java:1474)
163801 [ZAP-ActiveScanner-2] WARN  org.zaproxy.zap.extension.ascanrules.UserAgentScanRule - No route to host (connect failed)
java.net.NoRouteToHostException: No route to host (connect failed)
	at java.base/sun.nio.ch.Net.pollConnect(Native Method)
	at java.base/sun.nio.ch.Net.pollConnectNow(Net.java:639)
	at java.base/sun.nio.ch.NioSocketImpl.timedFinishConnect(NioSocketImpl.java:550)
	at java.base/sun.nio.ch.NioSocketImpl.connect(NioSocketImpl.java:594)
	at java.base/java.net.SocksSocketImpl.connect(SocksSocketImpl.java:284)
	at java.base/java.net.Socket.connect(Socket.java:659)
	at org.apache.hc.client5.http.socket.PlainConnectionSocketFactory.lambda$connectSocket$0(PlainConnectionSocketFactory.java:85)
	at java.base/java.security.AccessController.doPrivileged(AccessController.java:251)
	at org.apache.hc.client5.http.socket.PlainConnectionSocketFactory.connectSocket(PlainConnectionSocketFactory.java:84)
	at org.apache.hc.client5.http.socket.ConnectionSocketFactory.connectSocket(ConnectionSocketFactory.java:113)
	at org.apache.hc.client5.http.impl.io.DefaultHttpClientConnectionOperator.connect(DefaultHttpClientConnectionOperator.java:181)
	at org.apache.hc.client5.http.impl.io.ZapHttpClientConnectionOperator.connect(ZapHttpClientConnectionOperator.java:95)
	at org.apache.hc.client5.http.impl.io.PoolingHttpClientConnectionManager.connect(PoolingHttpClientConnectionManager.java:447)
	at org.apache.hc.client5.http.impl.classic.InternalExecRuntime.connectEndpoint(InternalExecRuntime.java:162)
	at org.apache.hc.client5.http.impl.classic.InternalExecRuntime.connectEndpoint(InternalExecRuntime.java:172)
	at org.apache.hc.client5.http.impl.classic.ConnectExec.execute(ConnectExec.java:142)
	at org.apache.hc.client5.http.impl.classic.ExecChainElement.execute(ExecChainElement.java:51)
	at org.apache.hc.client5.http.impl.classic.ZapProtocolExec.execute(ZapProtocolExec.java:179)
	at org.apache.hc.client5.http.impl.classic.ExecChainElement.execute(ExecChainElement.java:51)
	at org.apache.hc.client5.http.impl.classic.ZapHttpRequestRetryExec.execute(ZapHttpRequestRetryExec.java:81)
	at org.apache.hc.client5.http.impl.classic.ExecChainElement.execute(ExecChainElement.java:51)
	at org.apache.hc.client5.http.impl.classic.ZapInternalHttpClient.doExecute(ZapInternalHttpClient.java:173)
	at org.apache.hc.client5.http.impl.classic.CloseableHttpClient.execute(CloseableHttpClient.java:245)
	at org.apache.hc.client5.http.impl.classic.CloseableHttpClient.execute(CloseableHttpClient.java:188)
	at org.zaproxy.addon.network.internal.client.apachev5.HttpSenderApache.sendImpl0(HttpSenderApache.java:486)
	at org.zaproxy.addon.network.internal.client.apachev5.HttpSenderApache.sendImpl(HttpSenderApache.java:365)
	at org.zaproxy.addon.network.internal.client.apachev5.HttpSenderApache.sendImpl(HttpSenderApache.java:116)
	at org.zaproxy.addon.network.internal.client.BaseHttpSender.sendRateLimited(BaseHttpSender.java:415)
	at org.zaproxy.addon.network.internal.client.BaseHttpSender.sendAuthenticated(BaseHttpSender.java:383)
	at org.zaproxy.addon.network.internal.client.BaseHttpSender.sendNoRedirections(BaseHttpSender.java:351)
	at org.zaproxy.addon.network.internal.client.BaseHttpSender.send(BaseHttpSender.java:307)
	at org.zaproxy.addon.network.internal.client.BaseHttpSender.sendAndReceive(BaseHttpSender.java:278)
	at org.zaproxy.addon.network.internal.client.BaseHttpSender.sendAndReceive(BaseHttpSender.java:234)
	at org.parosproxy.paros.network.HttpSender.sendImpl(HttpSender.java:536)
	at org.parosproxy.paros.network.HttpSender.sendAndReceive(HttpSender.java:529)
	at org.parosproxy.paros.core.scanner.AbstractPlugin.sendMessageImpl(AbstractPlugin.java:344)
	at org.parosproxy.paros.core.scanner.AbstractPlugin.sendAndReceive(AbstractPlugin.java:331)
	at org.parosproxy.paros.core.scanner.AbstractPlugin.sendAndReceive(AbstractPlugin.java:265)
	at org.parosproxy.paros.core.scanner.AbstractPlugin.sendAndReceive(AbstractPlugin.java:238)
	at org.zaproxy.zap.extension.ascanrules.UserAgentScanRule.sendUserAgent(UserAgentScanRule.java:194)
	at org.zaproxy.zap.extension.ascanrules.UserAgentScanRule.attack(UserAgentScanRule.java:183)
	at org.zaproxy.zap.extension.ascanrules.UserAgentScanRule.scan(UserAgentScanRule.java:166)
	at org.parosproxy.paros.core.scanner.AbstractPlugin.run(AbstractPlugin.java:402)
	at java.base/java.lang.Thread.run(Thread.java:1474)
163801 [ZAP-ActiveScanner-1] WARN  org.zaproxy.zap.extension.ascanrules.UserAgentScanRule - No route to host (connect failed)
java.net.NoRouteToHostException: No route to host (connect failed)
	at java.base/sun.nio.ch.Net.pollConnect(Native Method)
	at java.base/sun.nio.ch.Net.pollConnectNow(Net.java:639)
	at java.base/sun.nio.ch.NioSocketImpl.timedFinishConnect(NioSocketImpl.java:550)
	at java.base/sun.nio.ch.NioSocketImpl.connect(NioSocketImpl.java:594)
	at java.base/java.net.SocksSocketImpl.connect(SocksSocketImpl.java:284)
	at java.base/java.net.Socket.connect(Socket.java:659)
	at org.apache.hc.client5.http.socket.PlainConnectionSocketFactory.lambda$connectSocket$0(PlainConnectionSocketFactory.java:85)
	at java.base/java.security.AccessController.doPrivileged(AccessController.java:251)
	at org.apache.hc.client5.http.socket.PlainConnectionSocketFactory.connectSocket(PlainConnectionSocketFactory.java:84)
	at org.apache.hc.client5.http.socket.ConnectionSocketFactory.connectSocket(ConnectionSocketFactory.java:113)
	at org.apache.hc.client5.http.impl.io.DefaultHttpClientConnectionOperator.connect(DefaultHttpClientConnectionOperator.java:181)
	at org.apache.hc.client5.http.impl.io.ZapHttpClientConnectionOperator.connect(ZapHttpClientConnectionOperator.java:95)
	at org.apache.hc.client5.http.impl.io.PoolingHttpClientConnectionManager.connect(PoolingHttpClientConnectionManager.java:447)
	at org.apache.hc.client5.http.impl.classic.InternalExecRuntime.connectEndpoint(InternalExecRuntime.java:162)
	at org.apache.hc.client5.http.impl.classic.InternalExecRuntime.connectEndpoint(InternalExecRuntime.java:172)
	at org.apache.hc.client5.http.impl.classic.ConnectExec.execute(ConnectExec.java:142)
	at org.apache.hc.client5.http.impl.classic.ExecChainElement.execute(ExecChainElement.java:51)
	at org.apache.hc.client5.http.impl.classic.ZapProtocolExec.execute(ZapProtocolExec.java:179)
	at org.apache.hc.client5.http.impl.classic.ExecChainElement.execute(ExecChainElement.java:51)
	at org.apache.hc.client5.http.impl.classic.ZapHttpRequestRetryExec.execute(ZapHttpRequestRetryExec.java:81)
	at org.apache.hc.client5.http.impl.classic.ExecChainElement.execute(ExecChainElement.java:51)
	at org.apache.hc.client5.http.impl.classic.ZapInternalHttpClient.doExecute(ZapInternalHttpClient.java:173)
	at org.apache.hc.client5.http.impl.classic.CloseableHttpClient.execute(CloseableHttpClient.java:245)
	at org.apache.hc.client5.http.impl.classic.CloseableHttpClient.execute(CloseableHttpClient.java:188)
	at org.zaproxy.addon.network.internal.client.apachev5.HttpSenderApache.sendImpl0(HttpSenderApache.java:486)
	at org.zaproxy.addon.network.internal.client.apachev5.HttpSenderApache.sendImpl(HttpSenderApache.java:365)
	at org.zaproxy.addon.network.internal.client.apachev5.HttpSenderApache.sendImpl(HttpSenderApache.java:116)
	at org.zaproxy.addon.network.internal.client.BaseHttpSender.sendRateLimited(BaseHttpSender.java:415)
	at org.zaproxy.addon.network.internal.client.BaseHttpSender.sendAuthenticated(BaseHttpSender.java:383)
	at org.zaproxy.addon.network.internal.client.BaseHttpSender.sendNoRedirections(BaseHttpSender.java:351)
	at org.zaproxy.addon.network.internal.client.BaseHttpSender.send(BaseHttpSender.java:307)
	at org.zaproxy.addon.network.internal.client.BaseHttpSender.sendAndReceive(BaseHttpSender.java:278)
	at org.zaproxy.addon.network.internal.client.BaseHttpSender.sendAndReceive(BaseHttpSender.java:234)
	at org.parosproxy.paros.network.HttpSender.sendImpl(HttpSender.java:536)
	at org.parosproxy.paros.network.HttpSender.sendAndReceive(HttpSender.java:529)
	at org.parosproxy.paros.core.scanner.AbstractPlugin.sendMessageImpl(AbstractPlugin.java:344)
	at org.parosproxy.paros.core.scanner.AbstractPlugin.sendAndReceive(AbstractPlugin.java:331)
	at org.parosproxy.paros.core.scanner.AbstractPlugin.sendAndReceive(AbstractPlugin.java:265)
	at org.parosproxy.paros.core.scanner.AbstractPlugin.sendAndReceive(AbstractPlugin.java:238)
	at org.zaproxy.zap.extension.ascanrules.UserAgentScanRule.sendUserAgent(UserAgentScanRule.java:194)
	at org.zaproxy.zap.extension.ascanrules.UserAgentScanRule.attack(UserAgentScanRule.java:183)
	at org.zaproxy.zap.extension.ascanrules.UserAgentScanRule.scan(UserAgentScanRule.java:166)
	at org.parosproxy.paros.core.scanner.AbstractPlugin.run(AbstractPlugin.java:402)
	at java.base/java.lang.Thread.run(Thread.java:1474)
166877 [ZAP-ActiveScanner-0] WARN  org.zaproxy.zap.extension.ascanrules.UserAgentScanRule - No route to host (connect failed)
java.net.NoRouteToHostException: No route to host (connect failed)
	at java.base/sun.nio.ch.Net.pollConnect(Native Method)
	at java.base/sun.nio.ch.Net.pollConnectNow(Net.java:639)
	at java.base/sun.nio.ch.NioSocketImpl.timedFinishConnect(NioSocketImpl.java:550)
	at java.base/sun.nio.ch.NioSocketImpl.connect(NioSocketImpl.java:594)
	at java.base/java.net.SocksSocketImpl.connect(SocksSocketImpl.java:284)
	at java.base/java.net.Socket.connect(Socket.java:659)
	at org.apache.hc.client5.http.socket.PlainConnectionSocketFactory.lambda$connectSocket$0(PlainConnectionSocketFactory.java:85)
	at java.base/java.security.AccessController.doPrivileged(AccessController.java:251)
	at org.apache.hc.client5.http.socket.PlainConnectionSocketFactory.connectSocket(PlainConnectionSocketFactory.java:84)
	at org.apache.hc.client5.http.socket.ConnectionSocketFactory.connectSocket(ConnectionSocketFactory.java:113)
	at org.apache.hc.client5.http.impl.io.DefaultHttpClientConnectionOperator.connect(DefaultHttpClientConnectionOperator.java:181)
	at org.apache.hc.client5.http.impl.io.ZapHttpClientConnectionOperator.connect(ZapHttpClientConnectionOperator.java:95)
	at org.apache.hc.client5.http.impl.io.PoolingHttpClientConnectionManager.connect(PoolingHttpClientConnectionManager.java:447)
	at org.apache.hc.client5.http.impl.classic.InternalExecRuntime.connectEndpoint(InternalExecRuntime.java:162)
	at org.apache.hc.client5.http.impl.classic.InternalExecRuntime.connectEndpoint(InternalExecRuntime.java:172)
	at org.apache.hc.client5.http.impl.classic.ConnectExec.execute(ConnectExec.java:142)
	at org.apache.hc.client5.http.impl.classic.ExecChainElement.execute(ExecChainElement.java:51)
	at org.apache.hc.client5.http.impl.classic.ZapProtocolExec.execute(ZapProtocolExec.java:179)
	at org.apache.hc.client5.http.impl.classic.ExecChainElement.execute(ExecChainElement.java:51)
	at org.apache.hc.client5.http.impl.classic.ZapHttpRequestRetryExec.execute(ZapHttpRequestRetryExec.java:81)
	at org.apache.hc.client5.http.impl.classic.ExecChainElement.execute(ExecChainElement.java:51)
	at org.apache.hc.client5.http.impl.classic.ZapInternalHttpClient.doExecute(ZapInternalHttpClient.java:173)
	at org.apache.hc.client5.http.impl.classic.CloseableHttpClient.execute(CloseableHttpClient.java:245)
	at org.apache.hc.client5.http.impl.classic.CloseableHttpClient.execute(CloseableHttpClient.java:188)
	at org.zaproxy.addon.network.internal.client.apachev5.HttpSenderApache.sendImpl0(HttpSenderApache.java:486)
	at org.zaproxy.addon.network.internal.client.apachev5.HttpSenderApache.sendImpl(HttpSenderApache.java:365)
	at org.zaproxy.addon.network.internal.client.apachev5.HttpSenderApache.sendImpl(HttpSenderApache.java:116)
	at org.zaproxy.addon.network.internal.client.BaseHttpSender.sendRateLimited(BaseHttpSender.java:415)
	at org.zaproxy.addon.network.internal.client.BaseHttpSender.sendAuthenticated(BaseHttpSender.java:383)
	at org.zaproxy.addon.network.internal.client.BaseHttpSender.sendNoRedirections(BaseHttpSender.java:351)
	at org.zaproxy.addon.network.internal.client.BaseHttpSender.send(BaseHttpSender.java:307)
	at org.zaproxy.addon.network.internal.client.BaseHttpSender.sendAndReceive(BaseHttpSender.java:278)
	at org.zaproxy.addon.network.internal.client.BaseHttpSender.sendAndReceive(BaseHttpSender.java:234)
	at org.parosproxy.paros.network.HttpSender.sendImpl(HttpSender.java:536)
	at org.parosproxy.paros.network.HttpSender.sendAndReceive(HttpSender.java:529)
	at org.parosproxy.paros.core.scanner.AbstractPlugin.sendMessageImpl(AbstractPlugin.java:344)
	at org.parosproxy.paros.core.scanner.AbstractPlugin.sendAndReceive(AbstractPlugin.java:331)
	at org.parosproxy.paros.core.scanner.AbstractPlugin.sendAndReceive(AbstractPlugin.java:265)
	at org.parosproxy.paros.core.scanner.AbstractPlugin.sendAndReceive(AbstractPlugin.java:238)
	at org.zaproxy.zap.extension.ascanrules.UserAgentScanRule.sendUserAgent(UserAgentScanRule.java:194)
	at org.zaproxy.zap.extension.ascanrules.UserAgentScanRule.attack(UserAgentScanRule.java:183)
	at org.zaproxy.zap.extension.ascanrules.UserAgentScanRule.scan(UserAgentScanRule.java:166)
	at org.parosproxy.paros.core.scanner.AbstractPlugin.run(AbstractPlugin.java:402)
	at java.base/java.lang.Thread.run(Thread.java:1474)
166877 [ZAP-ActiveScanner-2] WARN  org.zaproxy.zap.extension.ascanrules.UserAgentScanRule - No route to host (connect failed)
java.net.NoRouteToHostException: No route to host (connect failed)
	at java.base/sun.nio.ch.Net.pollConnect(Native Method)
	at java.base/sun.nio.ch.Net.pollConnectNow(Net.java:639)
	at java.base/sun.nio.ch.NioSocketImpl.timedFinishConnect(NioSocketImpl.java:550)
	at java.base/sun.nio.ch.NioSocketImpl.connect(NioSocketImpl.java:594)
	at java.base/java.net.SocksSocketImpl.connect(SocksSocketImpl.java:284)
	at java.base/java.net.Socket.connect(Socket.java:659)
	at org.apache.hc.client5.http.socket.PlainConnectionSocketFactory.lambda$connectSocket$0(PlainConnectionSocketFactory.java:85)
	at java.base/java.security.AccessController.doPrivileged(AccessController.java:251)
	at org.apache.hc.client5.http.socket.PlainConnectionSocketFactory.connectSocket(PlainConnectionSocketFactory.java:84)
	at org.apache.hc.client5.http.socket.ConnectionSocketFactory.connectSocket(ConnectionSocketFactory.java:113)
	at org.apache.hc.client5.http.impl.io.DefaultHttpClientConnectionOperator.connect(DefaultHttpClientConnectionOperator.java:181)
	at org.apache.hc.client5.http.impl.io.ZapHttpClientConnectionOperator.connect(ZapHttpClientConnectionOperator.java:95)
	at org.apache.hc.client5.http.impl.io.PoolingHttpClientConnectionManager.connect(PoolingHttpClientConnectionManager.java:447)
	at org.apache.hc.client5.http.impl.classic.InternalExecRuntime.connectEndpoint(InternalExecRuntime.java:162)
	at org.apache.hc.client5.http.impl.classic.InternalExecRuntime.connectEndpoint(InternalExecRuntime.java:172)
	at org.apache.hc.client5.http.impl.classic.ConnectExec.execute(ConnectExec.java:142)
	at org.apache.hc.client5.http.impl.classic.ExecChainElement.execute(ExecChainElement.java:51)
	at org.apache.hc.client5.http.impl.classic.ZapProtocolExec.execute(ZapProtocolExec.java:179)
	at org.apache.hc.client5.http.impl.classic.ExecChainElement.execute(ExecChainElement.java:51)
	at org.apache.hc.client5.http.impl.classic.ZapHttpRequestRetryExec.execute(ZapHttpRequestRetryExec.java:81)
	at org.apache.hc.client5.http.impl.classic.ExecChainElement.execute(ExecChainElement.java:51)
	at org.apache.hc.client5.http.impl.classic.ZapInternalHttpClient.doExecute(ZapInternalHttpClient.java:173)
	at org.apache.hc.client5.http.impl.classic.CloseableHttpClient.execute(CloseableHttpClient.java:245)
	at org.apache.hc.client5.http.impl.classic.CloseableHttpClient.execute(CloseableHttpClient.java:188)
	at org.zaproxy.addon.network.internal.client.apachev5.HttpSenderApache.sendImpl0(HttpSenderApache.java:486)
	at org.zaproxy.addon.network.internal.client.apachev5.HttpSenderApache.sendImpl(HttpSenderApache.java:365)
	at org.zaproxy.addon.network.internal.client.apachev5.HttpSenderApache.sendImpl(HttpSenderApache.java:116)
	at org.zaproxy.addon.network.internal.client.BaseHttpSender.sendRateLimited(BaseHttpSender.java:415)
	at org.zaproxy.addon.network.internal.client.BaseHttpSender.sendAuthenticated(BaseHttpSender.java:383)
	at org.zaproxy.addon.network.internal.client.BaseHttpSender.sendNoRedirections(BaseHttpSender.java:351)
	at org.zaproxy.addon.network.internal.client.BaseHttpSender.send(BaseHttpSender.java:307)
	at org.zaproxy.addon.network.internal.client.BaseHttpSender.sendAndReceive(BaseHttpSender.java:278)
	at org.zaproxy.addon.network.internal.client.BaseHttpSender.sendAndReceive(BaseHttpSender.java:234)
	at org.parosproxy.paros.network.HttpSender.sendImpl(HttpSender.java:536)
	at org.parosproxy.paros.network.HttpSender.sendAndReceive(HttpSender.java:529)
	at org.parosproxy.paros.core.scanner.AbstractPlugin.sendMessageImpl(AbstractPlugin.java:344)
	at org.parosproxy.paros.core.scanner.AbstractPlugin.sendAndReceive(AbstractPlugin.java:331)
	at org.parosproxy.paros.core.scanner.AbstractPlugin.sendAndReceive(AbstractPlugin.java:265)
	at org.parosproxy.paros.core.scanner.AbstractPlugin.sendAndReceive(AbstractPlugin.java:238)
	at org.zaproxy.zap.extension.ascanrules.UserAgentScanRule.sendUserAgent(UserAgentScanRule.java:194)
	at org.zaproxy.zap.extension.ascanrules.UserAgentScanRule.attack(UserAgentScanRule.java:183)
	at org.zaproxy.zap.extension.ascanrules.UserAgentScanRule.scan(UserAgentScanRule.java:166)
	at org.parosproxy.paros.core.scanner.AbstractPlugin.run(AbstractPlugin.java:402)
	at java.base/java.lang.Thread.run(Thread.java:1474)
166877 [ZAP-ActiveScanner-1] WARN  org.zaproxy.zap.extension.ascanrules.UserAgentScanRule - No route to host (connect failed)
java.net.NoRouteToHostException: No route to host (connect failed)
	at java.base/sun.nio.ch.Net.pollConnect(Native Method)
	at java.base/sun.nio.ch.Net.pollConnectNow(Net.java:639)
	at java.base/sun.nio.ch.NioSocketImpl.timedFinishConnect(NioSocketImpl.java:550)
	at java.base/sun.nio.ch.NioSocketImpl.connect(NioSocketImpl.java:594)
	at java.base/java.net.SocksSocketImpl.connect(SocksSocketImpl.java:284)
	at java.base/java.net.Socket.connect(Socket.java:659)
	at org.apache.hc.client5.http.socket.PlainConnectionSocketFactory.lambda$connectSocket$0(PlainConnectionSocketFactory.java:85)
	at java.base/java.security.AccessController.doPrivileged(AccessController.java:251)
	at org.apache.hc.client5.http.socket.PlainConnectionSocketFactory.connectSocket(PlainConnectionSocketFactory.java:84)
	at org.apache.hc.client5.http.socket.ConnectionSocketFactory.connectSocket(ConnectionSocketFactory.java:113)
	at org.apache.hc.client5.http.impl.io.DefaultHttpClientConnectionOperator.connect(DefaultHttpClientConnectionOperator.java:181)
	at org.apache.hc.client5.http.impl.io.ZapHttpClientConnectionOperator.connect(ZapHttpClientConnectionOperator.java:95)
	at org.apache.hc.client5.http.impl.io.PoolingHttpClientConnectionManager.connect(PoolingHttpClientConnectionManager.java:447)
	at org.apache.hc.client5.http.impl.classic.InternalExecRuntime.connectEndpoint(InternalExecRuntime.java:162)
	at org.apache.hc.client5.http.impl.classic.InternalExecRuntime.connectEndpoint(InternalExecRuntime.java:172)
	at org.apache.hc.client5.http.impl.classic.ConnectExec.execute(ConnectExec.java:142)
	at org.apache.hc.client5.http.impl.classic.ExecChainElement.execute(ExecChainElement.java:51)
	at org.apache.hc.client5.http.impl.classic.ZapProtocolExec.execute(ZapProtocolExec.java:179)
	at org.apache.hc.client5.http.impl.classic.ExecChainElement.execute(ExecChainElement.java:51)
	at org.apache.hc.client5.http.impl.classic.ZapHttpRequestRetryExec.execute(ZapHttpRequestRetryExec.java:81)
	at org.apache.hc.client5.http.impl.classic.ExecChainElement.execute(ExecChainElement.java:51)
	at org.apache.hc.client5.http.impl.classic.ZapInternalHttpClient.doExecute(ZapInternalHttpClient.java:173)
	at org.apache.hc.client5.http.impl.classic.CloseableHttpClient.execute(CloseableHttpClient.java:245)
	at org.apache.hc.client5.http.impl.classic.CloseableHttpClient.execute(CloseableHttpClient.java:188)
	at org.zaproxy.addon.network.internal.client.apachev5.HttpSenderApache.sendImpl0(HttpSenderApache.java:486)
	at org.zaproxy.addon.network.internal.client.apachev5.HttpSenderApache.sendImpl(HttpSenderApache.java:365)
	at org.zaproxy.addon.network.internal.client.apachev5.HttpSenderApache.sendImpl(HttpSenderApache.java:116)
	at org.zaproxy.addon.network.internal.client.BaseHttpSender.sendRateLimited(BaseHttpSender.java:415)
	at org.zaproxy.addon.network.internal.client.BaseHttpSender.sendAuthenticated(BaseHttpSender.java:383)
	at org.zaproxy.addon.network.internal.client.BaseHttpSender.sendNoRedirections(BaseHttpSender.java:351)
	at org.zaproxy.addon.network.internal.client.BaseHttpSender.send(BaseHttpSender.java:307)
	at org.zaproxy.addon.network.internal.client.BaseHttpSender.sendAndReceive(BaseHttpSender.java:278)
	at org.zaproxy.addon.network.internal.client.BaseHttpSender.sendAndReceive(BaseHttpSender.java:234)
	at org.parosproxy.paros.network.HttpSender.sendImpl(HttpSender.java:536)
	at org.parosproxy.paros.network.HttpSender.sendAndReceive(HttpSender.java:529)
	at org.parosproxy.paros.core.scanner.AbstractPlugin.sendMessageImpl(AbstractPlugin.java:344)
	at org.parosproxy.paros.core.scanner.AbstractPlugin.sendAndReceive(AbstractPlugin.java:331)
	at org.parosproxy.paros.core.scanner.AbstractPlugin.sendAndReceive(AbstractPlugin.java:265)
	at org.parosproxy.paros.core.scanner.AbstractPlugin.sendAndReceive(AbstractPlugin.java:238)
	at org.zaproxy.zap.extension.ascanrules.UserAgentScanRule.sendUserAgent(UserAgentScanRule.java:194)
	at org.zaproxy.zap.extension.ascanrules.UserAgentScanRule.attack(UserAgentScanRule.java:183)
	at org.zaproxy.zap.extension.ascanrules.UserAgentScanRule.scan(UserAgentScanRule.java:166)
	at org.parosproxy.paros.core.scanner.AbstractPlugin.run(AbstractPlugin.java:402)
	at java.base/java.lang.Thread.run(Thread.java:1474)
169945 [ZAP-ActiveScanner-0] WARN  org.zaproxy.zap.extension.ascanrules.UserAgentScanRule - No route to host (connect failed)
java.net.NoRouteToHostException: No route to host (connect failed)
	at java.base/sun.nio.ch.Net.pollConnect(Native Method)
	at java.base/sun.nio.ch.Net.pollConnectNow(Net.java:639)
	at java.base/sun.nio.ch.NioSocketImpl.timedFinishConnect(NioSocketImpl.java:550)
	at java.base/sun.nio.ch.NioSocketImpl.connect(NioSocketImpl.java:594)
	at java.base/java.net.SocksSocketImpl.connect(SocksSocketImpl.java:284)
	at java.base/java.net.Socket.connect(Socket.java:659)
	at org.apache.hc.client5.http.socket.PlainConnectionSocketFactory.lambda$connectSocket$0(PlainConnectionSocketFactory.java:85)
	at java.base/java.security.AccessController.doPrivileged(AccessController.java:251)
	at org.apache.hc.client5.http.socket.PlainConnectionSocketFactory.connectSocket(PlainConnectionSocketFactory.java:84)
	at org.apache.hc.client5.http.socket.ConnectionSocketFactory.connectSocket(ConnectionSocketFactory.java:113)
	at org.apache.hc.client5.http.impl.io.DefaultHttpClientConnectionOperator.connect(DefaultHttpClientConnectionOperator.java:181)
	at org.apache.hc.client5.http.impl.io.ZapHttpClientConnectionOperator.connect(ZapHttpClientConnectionOperator.java:95)
	at org.apache.hc.client5.http.impl.io.PoolingHttpClientConnectionManager.connect(PoolingHttpClientConnectionManager.java:447)
	at org.apache.hc.client5.http.impl.classic.InternalExecRuntime.connectEndpoint(InternalExecRuntime.java:162)
	at org.apache.hc.client5.http.impl.classic.InternalExecRuntime.connectEndpoint(InternalExecRuntime.java:172)
	at org.apache.hc.client5.http.impl.classic.ConnectExec.execute(ConnectExec.java:142)
	at org.apache.hc.client5.http.impl.classic.ExecChainElement.execute(ExecChainElement.java:51)
	at org.apache.hc.client5.http.impl.classic.ZapProtocolExec.execute(ZapProtocolExec.java:179)
	at org.apache.hc.client5.http.impl.classic.ExecChainElement.execute(ExecChainElement.java:51)
	at org.apache.hc.client5.http.impl.classic.ZapHttpRequestRetryExec.execute(ZapHttpRequestRetryExec.java:81)
	at org.apache.hc.client5.http.impl.classic.ExecChainElement.execute(ExecChainElement.java:51)
	at org.apache.hc.client5.http.impl.classic.ZapInternalHttpClient.doExecute(ZapInternalHttpClient.java:173)
	at org.apache.hc.client5.http.impl.classic.CloseableHttpClient.execute(CloseableHttpClient.java:245)
	at org.apache.hc.client5.http.impl.classic.CloseableHttpClient.execute(CloseableHttpClient.java:188)
	at org.zaproxy.addon.network.internal.client.apachev5.HttpSenderApache.sendImpl0(HttpSenderApache.java:486)
	at org.zaproxy.addon.network.internal.client.apachev5.HttpSenderApache.sendImpl(HttpSenderApache.java:365)
	at org.zaproxy.addon.network.internal.client.apachev5.HttpSenderApache.sendImpl(HttpSenderApache.java:116)
	at org.zaproxy.addon.network.internal.client.BaseHttpSender.sendRateLimited(BaseHttpSender.java:415)
	at org.zaproxy.addon.network.internal.client.BaseHttpSender.sendAuthenticated(BaseHttpSender.java:383)
	at org.zaproxy.addon.network.internal.client.BaseHttpSender.sendNoRedirections(BaseHttpSender.java:351)
	at org.zaproxy.addon.network.internal.client.BaseHttpSender.send(BaseHttpSender.java:307)
	at org.zaproxy.addon.network.internal.client.BaseHttpSender.sendAndReceive(BaseHttpSender.java:278)
	at org.zaproxy.addon.network.internal.client.BaseHttpSender.sendAndReceive(BaseHttpSender.java:234)
	at org.parosproxy.paros.network.HttpSender.sendImpl(HttpSender.java:536)
	at org.parosproxy.paros.network.HttpSender.sendAndReceive(HttpSender.java:529)
	at org.parosproxy.paros.core.scanner.AbstractPlugin.sendMessageImpl(AbstractPlugin.java:344)
	at org.parosproxy.paros.core.scanner.AbstractPlugin.sendAndReceive(AbstractPlugin.java:331)
	at org.parosproxy.paros.core.scanner.AbstractPlugin.sendAndReceive(AbstractPlugin.java:265)
	at org.parosproxy.paros.core.scanner.AbstractPlugin.sendAndReceive(AbstractPlugin.java:238)
	at org.zaproxy.zap.extension.ascanrules.UserAgentScanRule.sendUserAgent(UserAgentScanRule.java:194)
	at org.zaproxy.zap.extension.ascanrules.UserAgentScanRule.attack(UserAgentScanRule.java:183)
	at org.zaproxy.zap.extension.ascanrules.UserAgentScanRule.scan(UserAgentScanRule.java:166)
	at org.parosproxy.paros.core.scanner.AbstractPlugin.run(AbstractPlugin.java:402)
	at java.base/java.lang.Thread.run(Thread.java:1474)
169945 [ZAP-ActiveScanner-1] WARN  org.zaproxy.zap.extension.ascanrules.UserAgentScanRule - No route to host (connect failed)
java.net.NoRouteToHostException: No route to host (connect failed)
	at java.base/sun.nio.ch.Net.pollConnect(Native Method)
	at java.base/sun.nio.ch.Net.pollConnectNow(Net.java:639)
	at java.base/sun.nio.ch.NioSocketImpl.timedFinishConnect(NioSocketImpl.java:550)
	at java.base/sun.nio.ch.NioSocketImpl.connect(NioSocketImpl.java:594)
	at java.base/java.net.SocksSocketImpl.connect(SocksSocketImpl.java:284)
	at java.base/java.net.Socket.connect(Socket.java:659)
	at org.apache.hc.client5.http.socket.PlainConnectionSocketFactory.lambda$connectSocket$0(PlainConnectionSocketFactory.java:85)
	at java.base/java.security.AccessController.doPrivileged(AccessController.java:251)
	at org.apache.hc.client5.http.socket.PlainConnectionSocketFactory.connectSocket(PlainConnectionSocketFactory.java:84)
	at org.apache.hc.client5.http.socket.ConnectionSocketFactory.connectSocket(ConnectionSocketFactory.java:113)
	at org.apache.hc.client5.http.impl.io.DefaultHttpClientConnectionOperator.connect(DefaultHttpClientConnectionOperator.java:181)
	at org.apache.hc.client5.http.impl.io.ZapHttpClientConnectionOperator.connect(ZapHttpClientConnectionOperator.java:95)
	at org.apache.hc.client5.http.impl.io.PoolingHttpClientConnectionManager.connect(PoolingHttpClientConnectionManager.java:447)
	at org.apache.hc.client5.http.impl.classic.InternalExecRuntime.connectEndpoint(InternalExecRuntime.java:162)
	at org.apache.hc.client5.http.impl.classic.InternalExecRuntime.connectEndpoint(InternalExecRuntime.java:172)
	at org.apache.hc.client5.http.impl.classic.ConnectExec.execute(ConnectExec.java:142)
	at org.apache.hc.client5.http.impl.classic.ExecChainElement.execute(ExecChainElement.java:51)
	at org.apache.hc.client5.http.impl.classic.ZapProtocolExec.execute(ZapProtocolExec.java:179)
	at org.apache.hc.client5.http.impl.classic.ExecChainElement.execute(ExecChainElement.java:51)
	at org.apache.hc.client5.http.impl.classic.ZapHttpRequestRetryExec.execute(ZapHttpRequestRetryExec.java:81)
	at org.apache.hc.client5.http.impl.classic.ExecChainElement.execute(ExecChainElement.java:51)
	at org.apache.hc.client5.http.impl.classic.ZapInternalHttpClient.doExecute(ZapInternalHttpClient.java:173)
	at org.apache.hc.client5.http.impl.classic.CloseableHttpClient.execute(CloseableHttpClient.java:245)
	at org.apache.hc.client5.http.impl.classic.CloseableHttpClient.execute(CloseableHttpClient.java:188)
	at org.zaproxy.addon.network.internal.client.apachev5.HttpSenderApache.sendImpl0(HttpSenderApache.java:486)
	at org.zaproxy.addon.network.internal.client.apachev5.HttpSenderApache.sendImpl(HttpSenderApache.java:365)
	at org.zaproxy.addon.network.internal.client.apachev5.HttpSenderApache.sendImpl(HttpSenderApache.java:116)
	at org.zaproxy.addon.network.internal.client.BaseHttpSender.sendRateLimited(BaseHttpSender.java:415)
	at org.zaproxy.addon.network.internal.client.BaseHttpSender.sendAuthenticated(BaseHttpSender.java:383)
	at org.zaproxy.addon.network.internal.client.BaseHttpSender.sendNoRedirections(BaseHttpSender.java:351)
	at org.zaproxy.addon.network.internal.client.BaseHttpSender.send(BaseHttpSender.java:307)
	at org.zaproxy.addon.network.internal.client.BaseHttpSender.sendAndReceive(BaseHttpSender.java:278)
	at org.zaproxy.addon.network.internal.client.BaseHttpSender.sendAndReceive(BaseHttpSender.java:234)
	at org.parosproxy.paros.network.HttpSender.sendImpl(HttpSender.java:536)
	at org.parosproxy.paros.network.HttpSender.sendAndReceive(HttpSender.java:529)
	at org.parosproxy.paros.core.scanner.AbstractPlugin.sendMessageImpl(AbstractPlugin.java:344)
	at org.parosproxy.paros.core.scanner.AbstractPlugin.sendAndReceive(AbstractPlugin.java:331)
	at org.parosproxy.paros.core.scanner.AbstractPlugin.sendAndReceive(AbstractPlugin.java:265)
	at org.parosproxy.paros.core.scanner.AbstractPlugin.sendAndReceive(AbstractPlugin.java:238)
	at org.zaproxy.zap.extension.ascanrules.UserAgentScanRule.sendUserAgent(UserAgentScanRule.java:194)
	at org.zaproxy.zap.extension.ascanrules.UserAgentScanRule.attack(UserAgentScanRule.java:183)
	at org.zaproxy.zap.extension.ascanrules.UserAgentScanRule.scan(UserAgentScanRule.java:166)
	at org.parosproxy.paros.core.scanner.AbstractPlugin.run(AbstractPlugin.java:402)
	at java.base/java.lang.Thread.run(Thread.java:1474)
169945 [ZAP-ActiveScanner-2] WARN  org.zaproxy.zap.extension.ascanrules.UserAgentScanRule - No route to host (connect failed)
java.net.NoRouteToHostException: No route to host (connect failed)
	at java.base/sun.nio.ch.Net.pollConnect(Native Method)
	at java.base/sun.nio.ch.Net.pollConnectNow(Net.java:639)
	at java.base/sun.nio.ch.NioSocketImpl.timedFinishConnect(NioSocketImpl.java:550)
	at java.base/sun.nio.ch.NioSocketImpl.connect(NioSocketImpl.java:594)
	at java.base/java.net.SocksSocketImpl.connect(SocksSocketImpl.java:284)
	at java.base/java.net.Socket.connect(Socket.java:659)
	at org.apache.hc.client5.http.socket.PlainConnectionSocketFactory.lambda$connectSocket$0(PlainConnectionSocketFactory.java:85)
	at java.base/java.security.AccessController.doPrivileged(AccessController.java:251)
	at org.apache.hc.client5.http.socket.PlainConnectionSocketFactory.connectSocket(PlainConnectionSocketFactory.java:84)
	at org.apache.hc.client5.http.socket.ConnectionSocketFactory.connectSocket(ConnectionSocketFactory.java:113)
	at org.apache.hc.client5.http.impl.io.DefaultHttpClientConnectionOperator.connect(DefaultHttpClientConnectionOperator.java:181)
	at org.apache.hc.client5.http.impl.io.ZapHttpClientConnectionOperator.connect(ZapHttpClientConnectionOperator.java:95)
	at org.apache.hc.client5.http.impl.io.PoolingHttpClientConnectionManager.connect(PoolingHttpClientConnectionManager.java:447)
	at org.apache.hc.client5.http.impl.classic.InternalExecRuntime.connectEndpoint(InternalExecRuntime.java:162)
	at org.apache.hc.client5.http.impl.classic.InternalExecRuntime.connectEndpoint(InternalExecRuntime.java:172)
	at org.apache.hc.client5.http.impl.classic.ConnectExec.execute(ConnectExec.java:142)
	at org.apache.hc.client5.http.impl.classic.ExecChainElement.execute(ExecChainElement.java:51)
	at org.apache.hc.client5.http.impl.classic.ZapProtocolExec.execute(ZapProtocolExec.java:179)
	at org.apache.hc.client5.http.impl.classic.ExecChainElement.execute(ExecChainElement.java:51)
	at org.apache.hc.client5.http.impl.classic.ZapHttpRequestRetryExec.execute(ZapHttpRequestRetryExec.java:81)
	at org.apache.hc.client5.http.impl.classic.ExecChainElement.execute(ExecChainElement.java:51)
	at org.apache.hc.client5.http.impl.classic.ZapInternalHttpClient.doExecute(ZapInternalHttpClient.java:173)
	at org.apache.hc.client5.http.impl.classic.CloseableHttpClient.execute(CloseableHttpClient.java:245)
	at org.apache.hc.client5.http.impl.classic.CloseableHttpClient.execute(CloseableHttpClient.java:188)
	at org.zaproxy.addon.network.internal.client.apachev5.HttpSenderApache.sendImpl0(HttpSenderApache.java:486)
	at org.zaproxy.addon.network.internal.client.apachev5.HttpSenderApache.sendImpl(HttpSenderApache.java:365)
	at org.zaproxy.addon.network.internal.client.apachev5.HttpSenderApache.sendImpl(HttpSenderApache.java:116)
	at org.zaproxy.addon.network.internal.client.BaseHttpSender.sendRateLimited(BaseHttpSender.java:415)
	at org.zaproxy.addon.network.internal.client.BaseHttpSender.sendAuthenticated(BaseHttpSender.java:383)
	at org.zaproxy.addon.network.internal.client.BaseHttpSender.sendNoRedirections(BaseHttpSender.java:351)
	at org.zaproxy.addon.network.internal.client.BaseHttpSender.send(BaseHttpSender.java:307)
	at org.zaproxy.addon.network.internal.client.BaseHttpSender.sendAndReceive(BaseHttpSender.java:278)
	at org.zaproxy.addon.network.internal.client.BaseHttpSender.sendAndReceive(BaseHttpSender.java:234)
	at org.parosproxy.paros.network.HttpSender.sendImpl(HttpSender.java:536)
	at org.parosproxy.paros.network.HttpSender.sendAndReceive(HttpSender.java:529)
	at org.parosproxy.paros.core.scanner.AbstractPlugin.sendMessageImpl(AbstractPlugin.java:344)
	at org.parosproxy.paros.core.scanner.AbstractPlugin.sendAndReceive(AbstractPlugin.java:331)
	at org.parosproxy.paros.core.scanner.AbstractPlugin.sendAndReceive(AbstractPlugin.java:265)
	at org.parosproxy.paros.core.scanner.AbstractPlugin.sendAndReceive(AbstractPlugin.java:238)
	at org.zaproxy.zap.extension.ascanrules.UserAgentScanRule.sendUserAgent(UserAgentScanRule.java:194)
	at org.zaproxy.zap.extension.ascanrules.UserAgentScanRule.attack(UserAgentScanRule.java:183)
	at org.zaproxy.zap.extension.ascanrules.UserAgentScanRule.scan(UserAgentScanRule.java:166)
	at org.parosproxy.paros.core.scanner.AbstractPlugin.run(AbstractPlugin.java:402)
	at java.base/java.lang.Thread.run(Thread.java:1474)
173017 [ZAP-ActiveScanner-0] WARN  org.zaproxy.zap.extension.ascanrules.UserAgentScanRule - No route to host (connect failed)
java.net.NoRouteToHostException: No route to host (connect failed)
	at java.base/sun.nio.ch.Net.pollConnect(Native Method)
	at java.base/sun.nio.ch.Net.pollConnectNow(Net.java:639)
	at java.base/sun.nio.ch.NioSocketImpl.timedFinishConnect(NioSocketImpl.java:550)
	at java.base/sun.nio.ch.NioSocketImpl.connect(NioSocketImpl.java:594)
	at java.base/java.net.SocksSocketImpl.connect(SocksSocketImpl.java:284)
	at java.base/java.net.Socket.connect(Socket.java:659)
	at org.apache.hc.client5.http.socket.PlainConnectionSocketFactory.lambda$connectSocket$0(PlainConnectionSocketFactory.java:85)
	at java.base/java.security.AccessController.doPrivileged(AccessController.java:251)
	at org.apache.hc.client5.http.socket.PlainConnectionSocketFactory.connectSocket(PlainConnectionSocketFactory.java:84)
	at org.apache.hc.client5.http.socket.ConnectionSocketFactory.connectSocket(ConnectionSocketFactory.java:113)
	at org.apache.hc.client5.http.impl.io.DefaultHttpClientConnectionOperator.connect(DefaultHttpClientConnectionOperator.java:181)
	at org.apache.hc.client5.http.impl.io.ZapHttpClientConnectionOperator.connect(ZapHttpClientConnectionOperator.java:95)
	at org.apache.hc.client5.http.impl.io.PoolingHttpClientConnectionManager.connect(PoolingHttpClientConnectionManager.java:447)
	at org.apache.hc.client5.http.impl.classic.InternalExecRuntime.connectEndpoint(InternalExecRuntime.java:162)
	at org.apache.hc.client5.http.impl.classic.InternalExecRuntime.connectEndpoint(InternalExecRuntime.java:172)
	at org.apache.hc.client5.http.impl.classic.ConnectExec.execute(ConnectExec.java:142)
	at org.apache.hc.client5.http.impl.classic.ExecChainElement.execute(ExecChainElement.java:51)
	at org.apache.hc.client5.http.impl.classic.ZapProtocolExec.execute(ZapProtocolExec.java:179)
	at org.apache.hc.client5.http.impl.classic.ExecChainElement.execute(ExecChainElement.java:51)
	at org.apache.hc.client5.http.impl.classic.ZapHttpRequestRetryExec.execute(ZapHttpRequestRetryExec.java:81)
	at org.apache.hc.client5.http.impl.classic.ExecChainElement.execute(ExecChainElement.java:51)
	at org.apache.hc.client5.http.impl.classic.ZapInternalHttpClient.doExecute(ZapInternalHttpClient.java:173)
	at org.apache.hc.client5.http.impl.classic.CloseableHttpClient.execute(CloseableHttpClient.java:245)
	at org.apache.hc.client5.http.impl.classic.CloseableHttpClient.execute(CloseableHttpClient.java:188)
	at org.zaproxy.addon.network.internal.client.apachev5.HttpSenderApache.sendImpl0(HttpSenderApache.java:486)
	at org.zaproxy.addon.network.internal.client.apachev5.HttpSenderApache.sendImpl(HttpSenderApache.java:365)
	at org.zaproxy.addon.network.internal.client.apachev5.HttpSenderApache.sendImpl(HttpSenderApache.java:116)
	at org.zaproxy.addon.network.internal.client.BaseHttpSender.sendRateLimited(BaseHttpSender.java:415)
	at org.zaproxy.addon.network.internal.client.BaseHttpSender.sendAuthenticated(BaseHttpSender.java:383)
	at org.zaproxy.addon.network.internal.client.BaseHttpSender.sendNoRedirections(BaseHttpSender.java:351)
	at org.zaproxy.addon.network.internal.client.BaseHttpSender.send(BaseHttpSender.java:307)
	at org.zaproxy.addon.network.internal.client.BaseHttpSender.sendAndReceive(BaseHttpSender.java:278)
	at org.zaproxy.addon.network.internal.client.BaseHttpSender.sendAndReceive(BaseHttpSender.java:234)
	at org.parosproxy.paros.network.HttpSender.sendImpl(HttpSender.java:536)
	at org.parosproxy.paros.network.HttpSender.sendAndReceive(HttpSender.java:529)
	at org.parosproxy.paros.core.scanner.AbstractPlugin.sendMessageImpl(AbstractPlugin.java:344)
	at org.parosproxy.paros.core.scanner.AbstractPlugin.sendAndReceive(AbstractPlugin.java:331)
	at org.parosproxy.paros.core.scanner.AbstractPlugin.sendAndReceive(AbstractPlugin.java:265)
	at org.parosproxy.paros.core.scanner.AbstractPlugin.sendAndReceive(AbstractPlugin.java:238)
	at org.zaproxy.zap.extension.ascanrules.UserAgentScanRule.sendUserAgent(UserAgentScanRule.java:194)
	at org.zaproxy.zap.extension.ascanrules.UserAgentScanRule.attack(UserAgentScanRule.java:183)
	at org.zaproxy.zap.extension.ascanrules.UserAgentScanRule.scan(UserAgentScanRule.java:166)
	at org.parosproxy.paros.core.scanner.AbstractPlugin.run(AbstractPlugin.java:402)
	at java.base/java.lang.Thread.run(Thread.java:1474)
173018 [ZAP-ActiveScanner-2] WARN  org.zaproxy.zap.extension.ascanrules.UserAgentScanRule - No route to host (connect failed)
java.net.NoRouteToHostException: No route to host (connect failed)
	at java.base/sun.nio.ch.Net.pollConnect(Native Method)
	at java.base/sun.nio.ch.Net.pollConnectNow(Net.java:639)
	at java.base/sun.nio.ch.NioSocketImpl.timedFinishConnect(NioSocketImpl.java:550)
	at java.base/sun.nio.ch.NioSocketImpl.connect(NioSocketImpl.java:594)
	at java.base/java.net.SocksSocketImpl.connect(SocksSocketImpl.java:284)
	at java.base/java.net.Socket.connect(Socket.java:659)
	at org.apache.hc.client5.http.socket.PlainConnectionSocketFactory.lambda$connectSocket$0(PlainConnectionSocketFactory.java:85)
	at java.base/java.security.AccessController.doPrivileged(AccessController.java:251)
	at org.apache.hc.client5.http.socket.PlainConnectionSocketFactory.connectSocket(PlainConnectionSocketFactory.java:84)
	at org.apache.hc.client5.http.socket.ConnectionSocketFactory.connectSocket(ConnectionSocketFactory.java:113)
	at org.apache.hc.client5.http.impl.io.DefaultHttpClientConnectionOperator.connect(DefaultHttpClientConnectionOperator.java:181)
	at org.apache.hc.client5.http.impl.io.ZapHttpClientConnectionOperator.connect(ZapHttpClientConnectionOperator.java:95)
	at org.apache.hc.client5.http.impl.io.PoolingHttpClientConnectionManager.connect(PoolingHttpClientConnectionManager.java:447)
	at org.apache.hc.client5.http.impl.classic.InternalExecRuntime.connectEndpoint(InternalExecRuntime.java:162)
	at org.apache.hc.client5.http.impl.classic.InternalExecRuntime.connectEndpoint(InternalExecRuntime.java:172)
	at org.apache.hc.client5.http.impl.classic.ConnectExec.execute(ConnectExec.java:142)
	at org.apache.hc.client5.http.impl.classic.ExecChainElement.execute(ExecChainElement.java:51)
	at org.apache.hc.client5.http.impl.classic.ZapProtocolExec.execute(ZapProtocolExec.java:179)
	at org.apache.hc.client5.http.impl.classic.ExecChainElement.execute(ExecChainElement.java:51)
	at org.apache.hc.client5.http.impl.classic.ZapHttpRequestRetryExec.execute(ZapHttpRequestRetryExec.java:81)
	at org.apache.hc.client5.http.impl.classic.ExecChainElement.execute(ExecChainElement.java:51)
	at org.apache.hc.client5.http.impl.classic.ZapInternalHttpClient.doExecute(ZapInternalHttpClient.java:173)
	at org.apache.hc.client5.http.impl.classic.CloseableHttpClient.execute(CloseableHttpClient.java:245)
	at org.apache.hc.client5.http.impl.classic.CloseableHttpClient.execute(CloseableHttpClient.java:188)
	at org.zaproxy.addon.network.internal.client.apachev5.HttpSenderApache.sendImpl0(HttpSenderApache.java:486)
	at org.zaproxy.addon.network.internal.client.apachev5.HttpSenderApache.sendImpl(HttpSenderApache.java:365)
	at org.zaproxy.addon.network.internal.client.apachev5.HttpSenderApache.sendImpl(HttpSenderApache.java:116)
	at org.zaproxy.addon.network.internal.client.BaseHttpSender.sendRateLimited(BaseHttpSender.java:415)
	at org.zaproxy.addon.network.internal.client.BaseHttpSender.sendAuthenticated(BaseHttpSender.java:383)
	at org.zaproxy.addon.network.internal.client.BaseHttpSender.sendNoRedirections(BaseHttpSender.java:351)
	at org.zaproxy.addon.network.internal.client.BaseHttpSender.send(BaseHttpSender.java:307)
	at org.zaproxy.addon.network.internal.client.BaseHttpSender.sendAndReceive(BaseHttpSender.java:278)
	at org.zaproxy.addon.network.internal.client.BaseHttpSender.sendAndReceive(BaseHttpSender.java:234)
	at org.parosproxy.paros.network.HttpSender.sendImpl(HttpSender.java:536)
	at org.parosproxy.paros.network.HttpSender.sendAndReceive(HttpSender.java:529)
	at org.parosproxy.paros.core.scanner.AbstractPlugin.sendMessageImpl(AbstractPlugin.java:344)
	at org.parosproxy.paros.core.scanner.AbstractPlugin.sendAndReceive(AbstractPlugin.java:331)
	at org.parosproxy.paros.core.scanner.AbstractPlugin.sendAndReceive(AbstractPlugin.java:265)
	at org.parosproxy.paros.core.scanner.AbstractPlugin.sendAndReceive(AbstractPlugin.java:238)
	at org.zaproxy.zap.extension.ascanrules.UserAgentScanRule.sendUserAgent(UserAgentScanRule.java:194)
	at org.zaproxy.zap.extension.ascanrules.UserAgentScanRule.attack(UserAgentScanRule.java:183)
	at org.zaproxy.zap.extension.ascanrules.UserAgentScanRule.scan(UserAgentScanRule.java:166)
	at org.parosproxy.paros.core.scanner.AbstractPlugin.run(AbstractPlugin.java:402)
	at java.base/java.lang.Thread.run(Thread.java:1474)
173017 [ZAP-ActiveScanner-1] WARN  org.zaproxy.zap.extension.ascanrules.UserAgentScanRule - No route to host (connect failed)
java.net.NoRouteToHostException: No route to host (connect failed)
	at java.base/sun.nio.ch.Net.pollConnect(Native Method)
	at java.base/sun.nio.ch.Net.pollConnectNow(Net.java:639)
	at java.base/sun.nio.ch.NioSocketImpl.timedFinishConnect(NioSocketImpl.java:550)
	at java.base/sun.nio.ch.NioSocketImpl.connect(NioSocketImpl.java:594)
	at java.base/java.net.SocksSocketImpl.connect(SocksSocketImpl.java:284)
	at java.base/java.net.Socket.connect(Socket.java:659)
	at org.apache.hc.client5.http.socket.PlainConnectionSocketFactory.lambda$connectSocket$0(PlainConnectionSocketFactory.java:85)
	at java.base/java.security.AccessController.doPrivileged(AccessController.java:251)
	at org.apache.hc.client5.http.socket.PlainConnectionSocketFactory.connectSocket(PlainConnectionSocketFactory.java:84)
	at org.apache.hc.client5.http.socket.ConnectionSocketFactory.connectSocket(ConnectionSocketFactory.java:113)
	at org.apache.hc.client5.http.impl.io.DefaultHttpClientConnectionOperator.connect(DefaultHttpClientConnectionOperator.java:181)
	at org.apache.hc.client5.http.impl.io.ZapHttpClientConnectionOperator.connect(ZapHttpClientConnectionOperator.java:95)
	at org.apache.hc.client5.http.impl.io.PoolingHttpClientConnectionManager.connect(PoolingHttpClientConnectionManager.java:447)
	at org.apache.hc.client5.http.impl.classic.InternalExecRuntime.connectEndpoint(InternalExecRuntime.java:162)
	at org.apache.hc.client5.http.impl.classic.InternalExecRuntime.connectEndpoint(InternalExecRuntime.java:172)
	at org.apache.hc.client5.http.impl.classic.ConnectExec.execute(ConnectExec.java:142)
	at org.apache.hc.client5.http.impl.classic.ExecChainElement.execute(ExecChainElement.java:51)
	at org.apache.hc.client5.http.impl.classic.ZapProtocolExec.execute(ZapProtocolExec.java:179)
	at org.apache.hc.client5.http.impl.classic.ExecChainElement.execute(ExecChainElement.java:51)
	at org.apache.hc.client5.http.impl.classic.ZapHttpRequestRetryExec.execute(ZapHttpRequestRetryExec.java:81)
	at org.apache.hc.client5.http.impl.classic.ExecChainElement.execute(ExecChainElement.java:51)
	at org.apache.hc.client5.http.impl.classic.ZapInternalHttpClient.doExecute(ZapInternalHttpClient.java:173)
	at org.apache.hc.client5.http.impl.classic.CloseableHttpClient.execute(CloseableHttpClient.java:245)
	at org.apache.hc.client5.http.impl.classic.CloseableHttpClient.execute(CloseableHttpClient.java:188)
	at org.zaproxy.addon.network.internal.client.apachev5.HttpSenderApache.sendImpl0(HttpSenderApache.java:486)
	at org.zaproxy.addon.network.internal.client.apachev5.HttpSenderApache.sendImpl(HttpSenderApache.java:365)
	at org.zaproxy.addon.network.internal.client.apachev5.HttpSenderApache.sendImpl(HttpSenderApache.java:116)
	at org.zaproxy.addon.network.internal.client.BaseHttpSender.sendRateLimited(BaseHttpSender.java:415)
	at org.zaproxy.addon.network.internal.client.BaseHttpSender.sendAuthenticated(BaseHttpSender.java:383)
	at org.zaproxy.addon.network.internal.client.BaseHttpSender.sendNoRedirections(BaseHttpSender.java:351)
	at org.zaproxy.addon.network.internal.client.BaseHttpSender.send(BaseHttpSender.java:307)
	at org.zaproxy.addon.network.internal.client.BaseHttpSender.sendAndReceive(BaseHttpSender.java:278)
	at org.zaproxy.addon.network.internal.client.BaseHttpSender.sendAndReceive(BaseHttpSender.java:234)
	at org.parosproxy.paros.network.HttpSender.sendImpl(HttpSender.java:536)
	at org.parosproxy.paros.network.HttpSender.sendAndReceive(HttpSender.java:529)
	at org.parosproxy.paros.core.scanner.AbstractPlugin.sendMessageImpl(AbstractPlugin.java:344)
	at org.parosproxy.paros.core.scanner.AbstractPlugin.sendAndReceive(AbstractPlugin.java:331)
	at org.parosproxy.paros.core.scanner.AbstractPlugin.sendAndReceive(AbstractPlugin.java:265)
	at org.parosproxy.paros.core.scanner.AbstractPlugin.sendAndReceive(AbstractPlugin.java:238)
	at org.zaproxy.zap.extension.ascanrules.UserAgentScanRule.sendUserAgent(UserAgentScanRule.java:194)
	at org.zaproxy.zap.extension.ascanrules.UserAgentScanRule.attack(UserAgentScanRule.java:183)
	at org.zaproxy.zap.extension.ascanrules.UserAgentScanRule.scan(UserAgentScanRule.java:166)
	at org.parosproxy.paros.core.scanner.AbstractPlugin.run(AbstractPlugin.java:402)
	at java.base/java.lang.Thread.run(Thread.java:1474)
173020 [ZAP-Scanner-0] INFO  org.parosproxy.paros.core.scanner.HostProcess - completed host/plugin http://192.168.1.1 | UserAgentScanRule in 36.851s with 0 message(s) sent and 0 alert(s) raised.
173020 [ZAP-Scanner-0] INFO  org.parosproxy.paros.core.scanner.HostProcess - start host http://192.168.1.1 | ScriptsActiveScanner strength MEDIUM threshold MEDIUM
173203 [ZAP-Scanner-0] INFO  org.parosproxy.paros.core.scanner.HostProcess - completed host/plugin http://192.168.1.1 | ScriptsActiveScanner in 0.183s with 0 message(s) sent and 0 alert(s) raised.
173203 [ZAP-Scanner-0] INFO  org.parosproxy.paros.core.scanner.HostProcess - start host http://192.168.1.1 | SOAPActionSpoofingActiveScanRule strength MEDIUM threshold MEDIUM
173205 [ZAP-Scanner-0] INFO  org.parosproxy.paros.core.scanner.HostProcess - completed host/plugin http://192.168.1.1 | SOAPActionSpoofingActiveScanRule in 0.002s with 0 message(s) sent and 0 alert(s) raised.
173205 [ZAP-Scanner-0] INFO  org.parosproxy.paros.core.scanner.HostProcess - start host http://192.168.1.1 | SOAPXMLInjectionActiveScanRule strength MEDIUM threshold MEDIUM
173209 [ZAP-Scanner-0] INFO  org.parosproxy.paros.core.scanner.HostProcess - completed host/plugin http://192.168.1.1 | SOAPXMLInjectionActiveScanRule in 0.004s with 0 message(s) sent and 0 alert(s) raised.
173209 [ZAP-Scanner-0] INFO  org.parosproxy.paros.core.scanner.HostProcess - start host http://192.168.1.1 | ActiveScriptScanRule strength MEDIUM threshold MEDIUM
210436 [ZAP-Scanner-0] INFO  org.parosproxy.paros.core.scanner.HostProcess - completed host/plugin http://192.168.1.1 | ActiveScriptScanRule in 37.227s with 0 message(s) sent and 0 alert(s) raised.
210439 [ZAP-Scanner-0] INFO  org.parosproxy.paros.core.scanner.HostProcess - completed host http://192.168.1.1 in 202.353s with 1 alert(s) raised.
210439 [Thread-6] INFO  org.parosproxy.paros.core.scanner.Scanner - scanner with ID 0 completed in 202.371s
